[
    {
        "pk": 1,
        "model": "sites.site",
        "fields": {
            "domain": "staging.theknetwork.org",
            "name": "The K-Network"
        }
    }, {
        "pk": 1,
        "model": "notification.noticetype",
        "fields": {
            "default": 2,
            "description": "you have received an announcement",
            "display": "Announcement",
            "label": "announcement"
        }
    }, {
        "pk": 1,
        "model": "emailconfirmation.emailaddress",
        "fields": {
            "verified": true,
            "user": 1,
            "primary": true,
            "email": "admin@theknetwork.org"
        }
    }, {
        "pk": 2,
        "model": "emailconfirmation.emailaddress",
        "fields": {
            "verified": true,
            "user": 2,
            "primary": true,
            "email": "noemail@noemail.com"
        }
    }, {
        "pk": 3,
        "model": "emailconfirmation.emailaddress",
        "fields": {
            "verified": true,
            "user": 3,
            "primary": true,
            "email": "pkuperman@theknetwork.org"
        }
    }, {
        "pk": 4,
        "model": "emailconfirmation.emailaddress",
        "fields": {
            "verified": true,
            "user": 4,
            "primary": true,
            "email": "mustefa@theknetwork.org"
        }
    }, {
        "pk": 5,
        "model": "emailconfirmation.emailaddress",
        "fields": {
            "verified": true,
            "user": 5,
            "primary": true,
            "email": "chris@theknetwork.org"
        }
    }, {
        "pk": 6,
        "model": "emailconfirmation.emailaddress",
        "fields": {
            "verified": true,
            "user": 6,
            "primary": true,
            "email": "admin@theknetwork.org"
        }
    }, {
        "pk": 7,
        "model": "emailconfirmation.emailaddress",
        "fields": {
            "verified": true,
            "user": 7,
            "primary": true,
            "email": "admin@theknetwork.org"
        }
    }, {
        "pk": 8,
        "model": "emailconfirmation.emailaddress",
        "fields": {
            "verified": true,
            "user": 9,
            "primary": true,
            "email": "noemail@noemail.com"
        }
    }, {
        "pk": 9,
        "model": "emailconfirmation.emailaddress",
        "fields": {
            "verified": true,
            "user": 10,
            "primary": true,
            "email": "noemail@noemail.com"
        }
    }, {
        "pk": 10,
        "model": "emailconfirmation.emailaddress",
        "fields": {
            "verified": true,
            "user": 11,
            "primary": true,
            "email": "noemail@noemail.com"
        }
    }, {
        "pk": 11,
        "model": "emailconfirmation.emailaddress",
        "fields": {
            "verified": true,
            "user": 12,
            "primary": true,
            "email": "noemail@noemail.com"
        }
    }, {
        "pk": 12,
        "model": "emailconfirmation.emailaddress",
        "fields": {
            "verified": true,
            "user": 13,
            "primary": true,
            "email": "noemail@noemail.com"
        }
    }, {
        "pk": 13,
        "model": "emailconfirmation.emailaddress",
        "fields": {
            "verified": true,
            "user": 14,
            "primary": true,
            "email": "noemail@noemail.com"
        }
    }, {
        "pk": 14,
        "model": "emailconfirmation.emailaddress",
        "fields": {
            "verified": true,
            "user": 15,
            "primary": true,
            "email": "noemail@noemail.com"
        }
    }, {
        "pk": 15,
        "model": "emailconfirmation.emailaddress",
        "fields": {
            "verified": true,
            "user": 16,
            "primary": true,
            "email": "noemail@noemail.com"
        }
    }, {
        "pk": 16,
        "model": "emailconfirmation.emailaddress",
        "fields": {
            "verified": true,
            "user": 17,
            "primary": true,
            "email": "noemail@noemail.com"
        }
    }, {
        "pk": 17,
        "model": "emailconfirmation.emailaddress",
        "fields": {
            "verified": true,
            "user": 18,
            "primary": true,
            "email": "noemail@noemail.com"
        }
    }, {
        "pk": 18,
        "model": "emailconfirmation.emailaddress",
        "fields": {
            "verified": true,
            "user": 19,
            "primary": true,
            "email": "noemail@noemail.com"
        }
    }, {
        "pk": 19,
        "model": "emailconfirmation.emailaddress",
        "fields": {
            "verified": true,
            "user": 20,
            "primary": true,
            "email": "noemail@noemail.com"
        }
    }, {
        "pk": 20,
        "model": "emailconfirmation.emailaddress",
        "fields": {
            "verified": true,
            "user": 21,
            "primary": true,
            "email": "noemail@noemail.com"
        }
    }, {
        "pk": 21,
        "model": "emailconfirmation.emailaddress",
        "fields": {
            "verified": true,
            "user": 22,
            "primary": true,
            "email": "noemail@noemail.com"
        }
    }, {
        "pk": 22,
        "model": "emailconfirmation.emailaddress",
        "fields": {
            "verified": true,
            "user": 23,
            "primary": true,
            "email": "noemail@noemail.com"
        }
    }, {
        "pk": 23,
        "model": "emailconfirmation.emailaddress",
        "fields": {
            "verified": true,
            "user": 24,
            "primary": true,
            "email": "noemail@noemail.com"
        }
    }, {
        "pk": 24,
        "model": "emailconfirmation.emailaddress",
        "fields": {
            "verified": true,
            "user": 25,
            "primary": true,
            "email": "noemail@noemail.com"
        }
    }, {
        "pk": 25,
        "model": "emailconfirmation.emailaddress",
        "fields": {
            "verified": true,
            "user": 26,
            "primary": true,
            "email": "noemail@noemail.com"
        }
    }, {
        "pk": 26,
        "model": "emailconfirmation.emailaddress",
        "fields": {
            "verified": true,
            "user": 27,
            "primary": true,
            "email": "noemail@noemail.com"
        }
    }, {
        "pk": 27,
        "model": "emailconfirmation.emailaddress",
        "fields": {
            "verified": true,
            "user": 28,
            "primary": true,
            "email": "noemail@noemail.com"
        }
    }, {
        "pk": 28,
        "model": "emailconfirmation.emailaddress",
        "fields": {
            "verified": true,
            "user": 29,
            "primary": true,
            "email": "noemail@noemail.com"
        }
    }, {
        "pk": 29,
        "model": "emailconfirmation.emailaddress",
        "fields": {
            "verified": true,
            "user": 30,
            "primary": true,
            "email": "noemail@noemail.com"
        }
    }, {
        "pk": 30,
        "model": "emailconfirmation.emailaddress",
        "fields": {
            "verified": true,
            "user": 31,
            "primary": true,
            "email": "noemail@noemail.com"
        }
    }, {
        "pk": 31,
        "model": "emailconfirmation.emailaddress",
        "fields": {
            "verified": true,
            "user": 32,
            "primary": true,
            "email": "noemail@noemail.com"
        }
    }, {
        "pk": 32,
        "model": "emailconfirmation.emailaddress",
        "fields": {
            "verified": true,
            "user": 33,
            "primary": true,
            "email": "noemail@noemail.com"
        }
    }, {
        "pk": 33,
        "model": "emailconfirmation.emailaddress",
        "fields": {
            "verified": true,
            "user": 34,
            "primary": true,
            "email": "noemail@noemail.com"
        }
    }, {
        "pk": 34,
        "model": "emailconfirmation.emailaddress",
        "fields": {
            "verified": true,
            "user": 35,
            "primary": true,
            "email": "noemail@noemail.com"
        }
    }, {
        "pk": 35,
        "model": "emailconfirmation.emailaddress",
        "fields": {
            "verified": true,
            "user": 36,
            "primary": true,
            "email": "noemail@noemail.com"
        }
    }, {
        "pk": 36,
        "model": "emailconfirmation.emailaddress",
        "fields": {
            "verified": true,
            "user": 37,
            "primary": true,
            "email": "noemail@noemail.com"
        }
    }, {
        "pk": 37,
        "model": "emailconfirmation.emailaddress",
        "fields": {
            "verified": true,
            "user": 38,
            "primary": true,
            "email": "noemail@noemail.com"
        }
    }, {
        "pk": 38,
        "model": "emailconfirmation.emailaddress",
        "fields": {
            "verified": true,
            "user": 39,
            "primary": true,
            "email": "noemail@noemail.com"
        }
    }, {
        "pk": 39,
        "model": "emailconfirmation.emailaddress",
        "fields": {
            "verified": true,
            "user": 40,
            "primary": true,
            "email": "noemail@noemail.com"
        }
    }, {
        "pk": 40,
        "model": "emailconfirmation.emailaddress",
        "fields": {
            "verified": true,
            "user": 41,
            "primary": true,
            "email": ""
        }
    }, {
        "pk": 1,
        "model": "account.account",
        "fields": {
            "timezone": "US/Eastern",
            "user": 1,
            "language": "en-us"
        }
    }, {
        "pk": 2,
        "model": "account.account",
        "fields": {
            "timezone": "US/Eastern",
            "user": 2,
            "language": "en-us"
        }
    }, {
        "pk": 3,
        "model": "account.account",
        "fields": {
            "timezone": "US/Eastern",
            "user": 3,
            "language": "en-us"
        }
    }, {
        "pk": 4,
        "model": "account.account",
        "fields": {
            "timezone": "US/Eastern",
            "user": 4,
            "language": "en-us"
        }
    }, {
        "pk": 5,
        "model": "account.account",
        "fields": {
            "timezone": "US/Eastern",
            "user": 5,
            "language": "en-us"
        }
    }, {
        "pk": 6,
        "model": "account.account",
        "fields": {
            "timezone": "US/Eastern",
            "user": 6,
            "language": "en-us"
        }
    }, {
        "pk": 7,
        "model": "account.account",
        "fields": {
            "timezone": "US/Eastern",
            "user": 7,
            "language": "en-us"
        }
    }, {
        "pk": 8,
        "model": "account.account",
        "fields": {
            "timezone": "US/Eastern",
            "user": 9,
            "language": "en-us"
        }
    }, {
        "pk": 9,
        "model": "account.account",
        "fields": {
            "timezone": "US/Eastern",
            "user": 10,
            "language": "en-us"
        }
    }, {
        "pk": 10,
        "model": "account.account",
        "fields": {
            "timezone": "US/Eastern",
            "user": 11,
            "language": "en-us"
        }
    }, {
        "pk": 11,
        "model": "account.account",
        "fields": {
            "timezone": "US/Eastern",
            "user": 12,
            "language": "en-us"
        }
    }, {
        "pk": 12,
        "model": "account.account",
        "fields": {
            "timezone": "US/Eastern",
            "user": 13,
            "language": "en-us"
        }
    }, {
        "pk": 13,
        "model": "account.account",
        "fields": {
            "timezone": "US/Eastern",
            "user": 14,
            "language": "en-us"
        }
    }, {
        "pk": 14,
        "model": "account.account",
        "fields": {
            "timezone": "US/Eastern",
            "user": 15,
            "language": "en-us"
        }
    }, {
        "pk": 15,
        "model": "account.account",
        "fields": {
            "timezone": "US/Eastern",
            "user": 16,
            "language": "en-us"
        }
    }, {
        "pk": 16,
        "model": "account.account",
        "fields": {
            "timezone": "US/Eastern",
            "user": 17,
            "language": "en-us"
        }
    }, {
        "pk": 17,
        "model": "account.account",
        "fields": {
            "timezone": "US/Eastern",
            "user": 18,
            "language": "en-us"
        }
    }, {
        "pk": 18,
        "model": "account.account",
        "fields": {
            "timezone": "US/Eastern",
            "user": 19,
            "language": "en-us"
        }
    }, {
        "pk": 19,
        "model": "account.account",
        "fields": {
            "timezone": "US/Eastern",
            "user": 20,
            "language": "en-us"
        }
    }, {
        "pk": 20,
        "model": "account.account",
        "fields": {
            "timezone": "US/Eastern",
            "user": 21,
            "language": "en-us"
        }
    }, {
        "pk": 21,
        "model": "account.account",
        "fields": {
            "timezone": "US/Eastern",
            "user": 22,
            "language": "en-us"
        }
    }, {
        "pk": 22,
        "model": "account.account",
        "fields": {
            "timezone": "US/Eastern",
            "user": 23,
            "language": "en-us"
        }
    }, {
        "pk": 23,
        "model": "account.account",
        "fields": {
            "timezone": "US/Eastern",
            "user": 24,
            "language": "en-us"
        }
    }, {
        "pk": 24,
        "model": "account.account",
        "fields": {
            "timezone": "US/Eastern",
            "user": 25,
            "language": "en-us"
        }
    }, {
        "pk": 25,
        "model": "account.account",
        "fields": {
            "timezone": "US/Eastern",
            "user": 26,
            "language": "en-us"
        }
    }, {
        "pk": 26,
        "model": "account.account",
        "fields": {
            "timezone": "US/Eastern",
            "user": 27,
            "language": "en-us"
        }
    }, {
        "pk": 27,
        "model": "account.account",
        "fields": {
            "timezone": "US/Eastern",
            "user": 28,
            "language": "en-us"
        }
    }, {
        "pk": 28,
        "model": "account.account",
        "fields": {
            "timezone": "US/Eastern",
            "user": 29,
            "language": "en-us"
        }
    }, {
        "pk": 29,
        "model": "account.account",
        "fields": {
            "timezone": "US/Eastern",
            "user": 30,
            "language": "en-us"
        }
    }, {
        "pk": 30,
        "model": "account.account",
        "fields": {
            "timezone": "US/Eastern",
            "user": 31,
            "language": "en-us"
        }
    }, {
        "pk": 31,
        "model": "account.account",
        "fields": {
            "timezone": "US/Eastern",
            "user": 32,
            "language": "en-us"
        }
    }, {
        "pk": 32,
        "model": "account.account",
        "fields": {
            "timezone": "US/Eastern",
            "user": 33,
            "language": "en-us"
        }
    }, {
        "pk": 33,
        "model": "account.account",
        "fields": {
            "timezone": "US/Eastern",
            "user": 34,
            "language": "en-us"
        }
    }, {
        "pk": 34,
        "model": "account.account",
        "fields": {
            "timezone": "US/Eastern",
            "user": 35,
            "language": "en-us"
        }
    }, {
        "pk": 35,
        "model": "account.account",
        "fields": {
            "timezone": "US/Eastern",
            "user": 36,
            "language": "en-us"
        }
    }, {
        "pk": 36,
        "model": "account.account",
        "fields": {
            "timezone": "US/Eastern",
            "user": 37,
            "language": "en-us"
        }
    }, {
        "pk": 37,
        "model": "account.account",
        "fields": {
            "timezone": "US/Eastern",
            "user": 38,
            "language": "en-us"
        }
    }, {
        "pk": 38,
        "model": "account.account",
        "fields": {
            "timezone": "US/Eastern",
            "user": 39,
            "language": "en-us"
        }
    }, {
        "pk": 39,
        "model": "account.account",
        "fields": {
            "timezone": "US/Eastern",
            "user": 40,
            "language": "en-us"
        }
    }, {
        "pk": 40,
        "model": "account.account",
        "fields": {
            "timezone": "US/Eastern",
            "user": 41,
            "language": "en-us"
        }
    }, {
        "pk": 1,
        "model": "profiles.profile",
        "fields": {
            "website": null,
            "about": null,
            "location": null,
            "user": 1,
            "name": null
        }
    }, {
        "pk": 2,
        "model": "profiles.profile",
        "fields": {
            "website": null,
            "about": null,
            "location": null,
            "user": 2,
            "name": null
        }
    }, {
        "pk": 3,
        "model": "profiles.profile",
        "fields": {
            "website": null,
            "about": null,
            "location": null,
            "user": 3,
            "name": null
        }
    }, {
        "pk": 4,
        "model": "profiles.profile",
        "fields": {
            "website": null,
            "about": null,
            "location": null,
            "user": 4,
            "name": null
        }
    }, {
        "pk": 5,
        "model": "profiles.profile",
        "fields": {
            "website": null,
            "about": null,
            "location": null,
            "user": 5,
            "name": null
        }
    }, {
        "pk": 6,
        "model": "profiles.profile",
        "fields": {
            "website": null,
            "about": null,
            "location": null,
            "user": 6,
            "name": null
        }
    }, {
        "pk": 7,
        "model": "profiles.profile",
        "fields": {
            "website": null,
            "about": null,
            "location": null,
            "user": 7,
            "name": null
        }
    }, {
        "pk": 8,
        "model": "profiles.profile",
        "fields": {
            "website": null,
            "about": null,
            "location": null,
            "user": 9,
            "name": null
        }
    }, {
        "pk": 9,
        "model": "profiles.profile",
        "fields": {
            "website": null,
            "about": null,
            "location": null,
            "user": 10,
            "name": null
        }
    }, {
        "pk": 10,
        "model": "profiles.profile",
        "fields": {
            "website": null,
            "about": null,
            "location": null,
            "user": 11,
            "name": null
        }
    }, {
        "pk": 11,
        "model": "profiles.profile",
        "fields": {
            "website": null,
            "about": null,
            "location": null,
            "user": 12,
            "name": null
        }
    }, {
        "pk": 12,
        "model": "profiles.profile",
        "fields": {
            "website": null,
            "about": null,
            "location": null,
            "user": 13,
            "name": null
        }
    }, {
        "pk": 13,
        "model": "profiles.profile",
        "fields": {
            "website": null,
            "about": null,
            "location": null,
            "user": 14,
            "name": null
        }
    }, {
        "pk": 14,
        "model": "profiles.profile",
        "fields": {
            "website": null,
            "about": null,
            "location": null,
            "user": 15,
            "name": null
        }
    }, {
        "pk": 15,
        "model": "profiles.profile",
        "fields": {
            "website": null,
            "about": null,
            "location": null,
            "user": 16,
            "name": null
        }
    }, {
        "pk": 16,
        "model": "profiles.profile",
        "fields": {
            "website": null,
            "about": null,
            "location": null,
            "user": 17,
            "name": null
        }
    }, {
        "pk": 17,
        "model": "profiles.profile",
        "fields": {
            "website": null,
            "about": null,
            "location": null,
            "user": 18,
            "name": null
        }
    }, {
        "pk": 18,
        "model": "profiles.profile",
        "fields": {
            "website": null,
            "about": null,
            "location": null,
            "user": 19,
            "name": null
        }
    }, {
        "pk": 19,
        "model": "profiles.profile",
        "fields": {
            "website": null,
            "about": null,
            "location": null,
            "user": 20,
            "name": null
        }
    }, {
        "pk": 20,
        "model": "profiles.profile",
        "fields": {
            "website": null,
            "about": null,
            "location": null,
            "user": 21,
            "name": null
        }
    }, {
        "pk": 21,
        "model": "profiles.profile",
        "fields": {
            "website": null,
            "about": null,
            "location": null,
            "user": 22,
            "name": null
        }
    }, {
        "pk": 22,
        "model": "profiles.profile",
        "fields": {
            "website": null,
            "about": null,
            "location": null,
            "user": 23,
            "name": null
        }
    }, {
        "pk": 23,
        "model": "profiles.profile",
        "fields": {
            "website": null,
            "about": null,
            "location": null,
            "user": 24,
            "name": null
        }
    }, {
        "pk": 24,
        "model": "profiles.profile",
        "fields": {
            "website": null,
            "about": null,
            "location": null,
            "user": 25,
            "name": null
        }
    }, {
        "pk": 25,
        "model": "profiles.profile",
        "fields": {
            "website": null,
            "about": null,
            "location": null,
            "user": 26,
            "name": null
        }
    }, {
        "pk": 26,
        "model": "profiles.profile",
        "fields": {
            "website": null,
            "about": null,
            "location": null,
            "user": 27,
            "name": null
        }
    }, {
        "pk": 27,
        "model": "profiles.profile",
        "fields": {
            "website": null,
            "about": null,
            "location": null,
            "user": 28,
            "name": null
        }
    }, {
        "pk": 28,
        "model": "profiles.profile",
        "fields": {
            "website": null,
            "about": null,
            "location": null,
            "user": 29,
            "name": null
        }
    }, {
        "pk": 29,
        "model": "profiles.profile",
        "fields": {
            "website": null,
            "about": null,
            "location": null,
            "user": 30,
            "name": null
        }
    }, {
        "pk": 30,
        "model": "profiles.profile",
        "fields": {
            "website": null,
            "about": null,
            "location": null,
            "user": 31,
            "name": null
        }
    }, {
        "pk": 31,
        "model": "profiles.profile",
        "fields": {
            "website": null,
            "about": null,
            "location": null,
            "user": 32,
            "name": null
        }
    }, {
        "pk": 32,
        "model": "profiles.profile",
        "fields": {
            "website": null,
            "about": null,
            "location": null,
            "user": 33,
            "name": null
        }
    }, {
        "pk": 33,
        "model": "profiles.profile",
        "fields": {
            "website": null,
            "about": null,
            "location": null,
            "user": 34,
            "name": null
        }
    }, {
        "pk": 34,
        "model": "profiles.profile",
        "fields": {
            "website": null,
            "about": null,
            "location": null,
            "user": 35,
            "name": null
        }
    }, {
        "pk": 35,
        "model": "profiles.profile",
        "fields": {
            "website": null,
            "about": null,
            "location": null,
            "user": 36,
            "name": null
        }
    }, {
        "pk": 36,
        "model": "profiles.profile",
        "fields": {
            "website": null,
            "about": null,
            "location": null,
            "user": 37,
            "name": null
        }
    }, {
        "pk": 37,
        "model": "profiles.profile",
        "fields": {
            "website": null,
            "about": null,
            "location": null,
            "user": 38,
            "name": null
        }
    }, {
        "pk": 38,
        "model": "profiles.profile",
        "fields": {
            "website": null,
            "about": null,
            "location": null,
            "user": 39,
            "name": null
        }
    }, {
        "pk": 39,
        "model": "profiles.profile",
        "fields": {
            "website": null,
            "about": null,
            "location": null,
            "user": 40,
            "name": null
        }
    }, {
        "pk": 40,
        "model": "profiles.profile",
        "fields": {
            "website": null,
            "about": null,
            "location": null,
            "user": 41,
            "name": null
        }
    }, {
        "pk": 1,
        "model": "schools.userprofile",
        "fields": {
            "home_address": "",
            "access_token": null,
            "default_school": 6,
            "user": 1,
            "khan_user_id": null,
            "personal_url": ""
        }
    }, {
        "pk": 2,
        "model": "schools.userprofile",
        "fields": {
            "home_address": "",
            "access_token": "oauth_token_secret=EHYksgtRvRE4T5KP&oauth_token=yLxWyWjwKq5rsEQ4",
            "default_school": 1,
            "user": 2,
            "khan_user_id": null,
            "personal_url": ""
        }
    }, {
        "pk": 3,
        "model": "schools.userprofile",
        "fields": {
            "home_address": "",
            "access_token": null,
            "default_school": null,
            "user": 3,
            "khan_user_id": null,
            "personal_url": ""
        }
    }, {
        "pk": 4,
        "model": "schools.userprofile",
        "fields": {
            "home_address": "",
            "access_token": null,
            "default_school": null,
            "user": 4,
            "khan_user_id": null,
            "personal_url": ""
        }
    }, {
        "pk": 5,
        "model": "schools.userprofile",
        "fields": {
            "home_address": "",
            "access_token": null,
            "default_school": null,
            "user": 5,
            "khan_user_id": null,
            "personal_url": ""
        }
    }, {
        "pk": 6,
        "model": "schools.userprofile",
        "fields": {
            "home_address": "",
            "access_token": null,
            "default_school": null,
            "user": 6,
            "khan_user_id": null,
            "personal_url": ""
        }
    }, {
        "pk": 7,
        "model": "schools.userprofile",
        "fields": {
            "home_address": "",
            "access_token": null,
            "default_school": null,
            "user": 7,
            "khan_user_id": null,
            "personal_url": ""
        }
    }, {
        "pk": 8,
        "model": "schools.userprofile",
        "fields": {
            "home_address": "",
            "access_token": "oauth_token_secret=sZ45dKtCKEdBKXwJ&oauth_token=RG4eAQ59agXnMWPM",
            "default_school": 6,
            "user": 9,
            "khan_user_id": null,
            "personal_url": ""
        }
    }, {
        "pk": 9,
        "model": "schools.userprofile",
        "fields": {
            "home_address": "",
            "access_token": "oauth_token_secret=BHEQKuMHRFzHZ5w2&oauth_token=EZDaS7CSg4d9RayH",
            "default_school": 6,
            "user": 10,
            "khan_user_id": null,
            "personal_url": ""
        }
    }, {
        "pk": 10,
        "model": "schools.userprofile",
        "fields": {
            "home_address": "",
            "access_token": "oauth_token_secret=UcKSdWgExEDBW8XY&oauth_token=Nvy4KnrzXEPWmxEv",
            "default_school": 6,
            "user": 11,
            "khan_user_id": null,
            "personal_url": ""
        }
    }, {
        "pk": 11,
        "model": "schools.userprofile",
        "fields": {
            "home_address": "",
            "access_token": "oauth_token_secret=jYLBKTNhRBneSUE9&oauth_token=h4tU6HATh66Wnufn",
            "default_school": 6,
            "user": 12,
            "khan_user_id": null,
            "personal_url": ""
        }
    }, {
        "pk": 12,
        "model": "schools.userprofile",
        "fields": {
            "home_address": "",
            "access_token": null,
            "default_school": null,
            "user": 13,
            "khan_user_id": null,
            "personal_url": ""
        }
    }, {
        "pk": 13,
        "model": "schools.userprofile",
        "fields": {
            "home_address": "",
            "access_token": "oauth_token_secret=zmMy8HZSYEV6NeUg&oauth_token=mFJHwR6sk6qGvjgb",
            "default_school": 6,
            "user": 14,
            "khan_user_id": null,
            "personal_url": ""
        }
    }, {
        "pk": 14,
        "model": "schools.userprofile",
        "fields": {
            "home_address": "",
            "access_token": null,
            "default_school": 6,
            "user": 15,
            "khan_user_id": null,
            "personal_url": ""
        }
    }, {
        "pk": 15,
        "model": "schools.userprofile",
        "fields": {
            "home_address": "",
            "access_token": "oauth_token_secret=8L2rQqfPp7vCEAVz&oauth_token=HUa88vHp5Lw5rxw9",
            "default_school": 6,
            "user": 16,
            "khan_user_id": null,
            "personal_url": ""
        }
    }, {
        "pk": 16,
        "model": "schools.userprofile",
        "fields": {
            "home_address": "",
            "access_token": "oauth_token_secret=6zz53bYcqfkkTcJA&oauth_token=HNWyXEZEtWdFXrJH",
            "default_school": 6,
            "user": 17,
            "khan_user_id": null,
            "personal_url": ""
        }
    }, {
        "pk": 17,
        "model": "schools.userprofile",
        "fields": {
            "home_address": "",
            "access_token": null,
            "default_school": null,
            "user": 18,
            "khan_user_id": null,
            "personal_url": ""
        }
    }, {
        "pk": 18,
        "model": "schools.userprofile",
        "fields": {
            "home_address": "",
            "access_token": "oauth_token_secret=DzXqpCt2WeGKT8mw&oauth_token=cf43APN29jw4xEDb",
            "default_school": 6,
            "user": 19,
            "khan_user_id": null,
            "personal_url": ""
        }
    }, {
        "pk": 19,
        "model": "schools.userprofile",
        "fields": {
            "home_address": "",
            "access_token": "oauth_token_secret=rHsxMR7eZAKJdyED&oauth_token=aXWHF8yE3hEv9H2s",
            "default_school": 6,
            "user": 20,
            "khan_user_id": null,
            "personal_url": ""
        }
    }, {
        "pk": 20,
        "model": "schools.userprofile",
        "fields": {
            "home_address": "",
            "access_token": "oauth_token_secret=Ty3GYfDAqUHjrwAK&oauth_token=xZmmVHTDX9nrrM5K",
            "default_school": 6,
            "user": 21,
            "khan_user_id": null,
            "personal_url": ""
        }
    }, {
        "pk": 21,
        "model": "schools.userprofile",
        "fields": {
            "home_address": "",
            "access_token": "oauth_token_secret=B7YKxTax6NnENpKs&oauth_token=3K2rLtAsJPVEp5ND",
            "default_school": 6,
            "user": 22,
            "khan_user_id": null,
            "personal_url": ""
        }
    }, {
        "pk": 22,
        "model": "schools.userprofile",
        "fields": {
            "home_address": "",
            "access_token": null,
            "default_school": 6,
            "user": 23,
            "khan_user_id": null,
            "personal_url": ""
        }
    }, {
        "pk": 23,
        "model": "schools.userprofile",
        "fields": {
            "home_address": "",
            "access_token": null,
            "default_school": null,
            "user": 24,
            "khan_user_id": null,
            "personal_url": ""
        }
    }, {
        "pk": 24,
        "model": "schools.userprofile",
        "fields": {
            "home_address": "",
            "access_token": "oauth_token_secret=mHfbMaxg8ZVRQwHX&oauth_token=SadbPCm2wDmCeA9a",
            "default_school": 6,
            "user": 25,
            "khan_user_id": null,
            "personal_url": ""
        }
    }, {
        "pk": 25,
        "model": "schools.userprofile",
        "fields": {
            "home_address": "",
            "access_token": null,
            "default_school": null,
            "user": 26,
            "khan_user_id": null,
            "personal_url": ""
        }
    }, {
        "pk": 26,
        "model": "schools.userprofile",
        "fields": {
            "home_address": "",
            "access_token": "oauth_token_secret=ac55hC6hgpCd3wGe&oauth_token=crVqQtd7Q3am4rjR",
            "default_school": 6,
            "user": 27,
            "khan_user_id": null,
            "personal_url": ""
        }
    }, {
        "pk": 27,
        "model": "schools.userprofile",
        "fields": {
            "home_address": "",
            "access_token": null,
            "default_school": null,
            "user": 28,
            "khan_user_id": null,
            "personal_url": ""
        }
    }, {
        "pk": 28,
        "model": "schools.userprofile",
        "fields": {
            "home_address": "",
            "access_token": null,
            "default_school": null,
            "user": 29,
            "khan_user_id": null,
            "personal_url": ""
        }
    }, {
        "pk": 29,
        "model": "schools.userprofile",
        "fields": {
            "home_address": "",
            "access_token": "oauth_token_secret=YJfPMBqLNsMs5BrB&oauth_token=LNYWH5fkPgXELHB5",
            "default_school": 6,
            "user": 30,
            "khan_user_id": null,
            "personal_url": ""
        }
    }, {
        "pk": 30,
        "model": "schools.userprofile",
        "fields": {
            "home_address": "",
            "access_token": null,
            "default_school": null,
            "user": 31,
            "khan_user_id": null,
            "personal_url": ""
        }
    }, {
        "pk": 31,
        "model": "schools.userprofile",
        "fields": {
            "home_address": "",
            "access_token": null,
            "default_school": null,
            "user": 32,
            "khan_user_id": null,
            "personal_url": ""
        }
    }, {
        "pk": 32,
        "model": "schools.userprofile",
        "fields": {
            "home_address": "",
            "access_token": "oauth_token_secret=NCjf54ffA7e2GXQ7&oauth_token=nb7DU3n2YNL7Qv6a",
            "default_school": 6,
            "user": 33,
            "khan_user_id": null,
            "personal_url": ""
        }
    }, {
        "pk": 33,
        "model": "schools.userprofile",
        "fields": {
            "home_address": "",
            "access_token": "oauth_token_secret=pwfe8jCAQuY5amDm&oauth_token=nc69exQxs8cVdx37",
            "default_school": 6,
            "user": 34,
            "khan_user_id": null,
            "personal_url": ""
        }
    }, {
        "pk": 34,
        "model": "schools.userprofile",
        "fields": {
            "home_address": "",
            "access_token": "oauth_token_secret=mYDRW4zKp6JLbyHu&oauth_token=tHxSumrjW4pkae86",
            "default_school": 6,
            "user": 35,
            "khan_user_id": null,
            "personal_url": ""
        }
    }, {
        "pk": 35,
        "model": "schools.userprofile",
        "fields": {
            "home_address": "",
            "access_token": "oauth_token_secret=cVrVRW25Zh5y96zm&oauth_token=THKW4HmGNyYhnaTG",
            "default_school": 6,
            "user": 36,
            "khan_user_id": null,
            "personal_url": ""
        }
    }, {
        "pk": 36,
        "model": "schools.userprofile",
        "fields": {
            "home_address": "",
            "access_token": null,
            "default_school": null,
            "user": 37,
            "khan_user_id": null,
            "personal_url": ""
        }
    }, {
        "pk": 37,
        "model": "schools.userprofile",
        "fields": {
            "home_address": "",
            "access_token": "oauth_token_secret=Avh4RNH2gHn2aHXu&oauth_token=GLqQWGWxUvFdapH2",
            "default_school": 6,
            "user": 38,
            "khan_user_id": null,
            "personal_url": ""
        }
    }, {
        "pk": 38,
        "model": "schools.userprofile",
        "fields": {
            "home_address": "",
            "access_token": "oauth_token_secret=nx8rQpm7mzuP8hrh&oauth_token=J6wB76X2SswAnBxj",
            "default_school": 6,
            "user": 39,
            "khan_user_id": null,
            "personal_url": ""
        }
    }, {
        "pk": 39,
        "model": "schools.userprofile",
        "fields": {
            "home_address": "",
            "access_token": null,
            "default_school": 6,
            "user": 40,
            "khan_user_id": null,
            "personal_url": ""
        }
    }, {
        "pk": 40,
        "model": "schools.userprofile",
        "fields": {
            "home_address": "",
            "access_token": null,
            "default_school": null,
            "user": 41,
            "khan_user_id": null,
            "personal_url": ""
        }
    }, {
        "pk": 1,
        "model": "schools.challenge",
        "fields": {
            "classroom": 7,
            "challenge_name": "Basic Math"
        }
    }, {
        "pk": 1,
        "model": "schools.groupchallenge",
        "fields": {
            "classroom_team": 8,
            "challenge": 1
        }
    }, {
        "pk": 2,
        "model": "schools.groupchallenge",
        "fields": {
            "classroom_team": 9,
            "challenge": 1
        }
    }, {
        "pk": 3,
        "model": "schools.groupchallenge",
        "fields": {
            "classroom_team": 10,
            "challenge": 1
        }
    }, {
        "pk": 4,
        "model": "schools.groupchallenge",
        "fields": {
            "classroom_team": 11,
            "challenge": 1
        }
    }, {
        "pk": 5,
        "model": "schools.groupchallenge",
        "fields": {
            "classroom_team": 12,
            "challenge": 1
        }
    }, {
        "pk": 6,
        "model": "schools.groupchallenge",
        "fields": {
            "classroom_team": 13,
            "challenge": 1
        }
    }, {
        "pk": 7,
        "model": "schools.groupchallenge",
        "fields": {
            "classroom_team": 14,
            "challenge": 1
        }
    }, {
        "pk": 8,
        "model": "schools.groupchallenge",
        "fields": {
            "classroom_team": 15,
            "challenge": 1
        }
    }, {
        "pk": 9,
        "model": "schools.groupchallenge",
        "fields": {
            "classroom_team": 16,
            "challenge": 1
        }
    }, {
        "pk": 10,
        "model": "schools.groupchallenge",
        "fields": {
            "classroom_team": 17,
            "challenge": 1
        }
    }, {
        "pk": 11,
        "model": "schools.groupchallenge",
        "fields": {
            "classroom_team": 18,
            "challenge": 1
        }
    }, {
        "pk": 12,
        "model": "schools.groupchallenge",
        "fields": {
            "classroom_team": 19,
            "challenge": 1
        }
    }, {
        "pk": 1,
        "model": "schools.challengeexercise",
        "fields": {
            "exercise_name": "Addition 1",
            "challenge": 1,
            "exercise_url": "http://www.khanacademy.org/exercise/addition_1",
            "exercise_description": ""
        }
    }, {
        "pk": 2,
        "model": "schools.challengeexercise",
        "fields": {
            "exercise_name": "Addition 2",
            "challenge": 1,
            "exercise_url": "http://www.khanacademy.org/exercise/addition_2",
            "exercise_description": ""
        }
    }, {
        "pk": 3,
        "model": "schools.challengeexercise",
        "fields": {
            "exercise_name": "Subtraction 1",
            "challenge": 1,
            "exercise_url": "http://www.khanacademy.org/exercise/subtraction_1",
            "exercise_description": ""
        }
    }, {
        "pk": 58,
        "model": "auth.permission",
        "fields": {
            "codename": "add_account",
            "name": "Can add account",
            "content_type": 20
        }
    }, {
        "pk": 59,
        "model": "auth.permission",
        "fields": {
            "codename": "change_account",
            "name": "Can change account",
            "content_type": 20
        }
    }, {
        "pk": 60,
        "model": "auth.permission",
        "fields": {
            "codename": "delete_account",
            "name": "Can delete account",
            "content_type": 20
        }
    }, {
        "pk": 61,
        "model": "auth.permission",
        "fields": {
            "codename": "add_passwordreset",
            "name": "Can add password reset",
            "content_type": 21
        }
    }, {
        "pk": 62,
        "model": "auth.permission",
        "fields": {
            "codename": "change_passwordreset",
            "name": "Can change password reset",
            "content_type": 21
        }
    }, {
        "pk": 63,
        "model": "auth.permission",
        "fields": {
            "codename": "delete_passwordreset",
            "name": "Can delete password reset",
            "content_type": 21
        }
    }, {
        "pk": 1,
        "model": "auth.permission",
        "fields": {
            "codename": "add_logentry",
            "name": "Can add log entry",
            "content_type": 1
        }
    }, {
        "pk": 2,
        "model": "auth.permission",
        "fields": {
            "codename": "change_logentry",
            "name": "Can change log entry",
            "content_type": 1
        }
    }, {
        "pk": 3,
        "model": "auth.permission",
        "fields": {
            "codename": "delete_logentry",
            "name": "Can delete log entry",
            "content_type": 1
        }
    }, {
        "pk": 55,
        "model": "auth.permission",
        "fields": {
            "codename": "add_announcement",
            "name": "Can add announcement",
            "content_type": 19
        }
    }, {
        "pk": 56,
        "model": "auth.permission",
        "fields": {
            "codename": "change_announcement",
            "name": "Can change announcement",
            "content_type": 19
        }
    }, {
        "pk": 57,
        "model": "auth.permission",
        "fields": {
            "codename": "delete_announcement",
            "name": "Can delete announcement",
            "content_type": 19
        }
    }, {
        "pk": 7,
        "model": "auth.permission",
        "fields": {
            "codename": "add_group",
            "name": "Can add group",
            "content_type": 3
        }
    }, {
        "pk": 8,
        "model": "auth.permission",
        "fields": {
            "codename": "change_group",
            "name": "Can change group",
            "content_type": 3
        }
    }, {
        "pk": 9,
        "model": "auth.permission",
        "fields": {
            "codename": "delete_group",
            "name": "Can delete group",
            "content_type": 3
        }
    }, {
        "pk": 13,
        "model": "auth.permission",
        "fields": {
            "codename": "add_message",
            "name": "Can add message",
            "content_type": 5
        }
    }, {
        "pk": 14,
        "model": "auth.permission",
        "fields": {
            "codename": "change_message",
            "name": "Can change message",
            "content_type": 5
        }
    }, {
        "pk": 15,
        "model": "auth.permission",
        "fields": {
            "codename": "delete_message",
            "name": "Can delete message",
            "content_type": 5
        }
    }, {
        "pk": 4,
        "model": "auth.permission",
        "fields": {
            "codename": "add_permission",
            "name": "Can add permission",
            "content_type": 2
        }
    }, {
        "pk": 5,
        "model": "auth.permission",
        "fields": {
            "codename": "change_permission",
            "name": "Can change permission",
            "content_type": 2
        }
    }, {
        "pk": 6,
        "model": "auth.permission",
        "fields": {
            "codename": "delete_permission",
            "name": "Can delete permission",
            "content_type": 2
        }
    }, {
        "pk": 10,
        "model": "auth.permission",
        "fields": {
            "codename": "add_user",
            "name": "Can add user",
            "content_type": 4
        }
    }, {
        "pk": 11,
        "model": "auth.permission",
        "fields": {
            "codename": "change_user",
            "name": "Can change user",
            "content_type": 4
        }
    }, {
        "pk": 12,
        "model": "auth.permission",
        "fields": {
            "codename": "delete_user",
            "name": "Can delete user",
            "content_type": 4
        }
    }, {
        "pk": 97,
        "model": "auth.permission",
        "fields": {
            "codename": "add_chatroom",
            "name": "Can add chat room",
            "content_type": 33
        }
    }, {
        "pk": 98,
        "model": "auth.permission",
        "fields": {
            "codename": "change_chatroom",
            "name": "Can change chat room",
            "content_type": 33
        }
    }, {
        "pk": 99,
        "model": "auth.permission",
        "fields": {
            "codename": "delete_chatroom",
            "name": "Can delete chat room",
            "content_type": 33
        }
    }, {
        "pk": 100,
        "model": "auth.permission",
        "fields": {
            "codename": "add_chatuser",
            "name": "Can add chat user",
            "content_type": 34
        }
    }, {
        "pk": 101,
        "model": "auth.permission",
        "fields": {
            "codename": "change_chatuser",
            "name": "Can change chat user",
            "content_type": 34
        }
    }, {
        "pk": 102,
        "model": "auth.permission",
        "fields": {
            "codename": "delete_chatuser",
            "name": "Can delete chat user",
            "content_type": 34
        }
    }, {
        "pk": 16,
        "model": "auth.permission",
        "fields": {
            "codename": "add_contenttype",
            "name": "Can add content type",
            "content_type": 6
        }
    }, {
        "pk": 17,
        "model": "auth.permission",
        "fields": {
            "codename": "change_contenttype",
            "name": "Can change content type",
            "content_type": 6
        }
    }, {
        "pk": 18,
        "model": "auth.permission",
        "fields": {
            "codename": "delete_contenttype",
            "name": "Can delete content type",
            "content_type": 6
        }
    }, {
        "pk": 109,
        "model": "auth.permission",
        "fields": {
            "codename": "add_association",
            "name": "Can add association",
            "content_type": 37
        }
    }, {
        "pk": 110,
        "model": "auth.permission",
        "fields": {
            "codename": "change_association",
            "name": "Can change association",
            "content_type": 37
        }
    }, {
        "pk": 111,
        "model": "auth.permission",
        "fields": {
            "codename": "delete_association",
            "name": "Can delete association",
            "content_type": 37
        }
    }, {
        "pk": 106,
        "model": "auth.permission",
        "fields": {
            "codename": "add_nonce",
            "name": "Can add nonce",
            "content_type": 36
        }
    }, {
        "pk": 107,
        "model": "auth.permission",
        "fields": {
            "codename": "change_nonce",
            "name": "Can change nonce",
            "content_type": 36
        }
    }, {
        "pk": 108,
        "model": "auth.permission",
        "fields": {
            "codename": "delete_nonce",
            "name": "Can delete nonce",
            "content_type": 36
        }
    }, {
        "pk": 112,
        "model": "auth.permission",
        "fields": {
            "codename": "add_useropenidassociation",
            "name": "Can add user openid association",
            "content_type": 38
        }
    }, {
        "pk": 113,
        "model": "auth.permission",
        "fields": {
            "codename": "change_useropenidassociation",
            "name": "Can change user openid association",
            "content_type": 38
        }
    }, {
        "pk": 114,
        "model": "auth.permission",
        "fields": {
            "codename": "delete_useropenidassociation",
            "name": "Can delete user openid association",
            "content_type": 38
        }
    }, {
        "pk": 49,
        "model": "auth.permission",
        "fields": {
            "codename": "add_emailaddress",
            "name": "Can add email address",
            "content_type": 17
        }
    }, {
        "pk": 50,
        "model": "auth.permission",
        "fields": {
            "codename": "change_emailaddress",
            "name": "Can change email address",
            "content_type": 17
        }
    }, {
        "pk": 51,
        "model": "auth.permission",
        "fields": {
            "codename": "delete_emailaddress",
            "name": "Can delete email address",
            "content_type": 17
        }
    }, {
        "pk": 52,
        "model": "auth.permission",
        "fields": {
            "codename": "add_emailconfirmation",
            "name": "Can add email confirmation",
            "content_type": 18
        }
    }, {
        "pk": 53,
        "model": "auth.permission",
        "fields": {
            "codename": "change_emailconfirmation",
            "name": "Can change email confirmation",
            "content_type": 18
        }
    }, {
        "pk": 54,
        "model": "auth.permission",
        "fields": {
            "codename": "delete_emailconfirmation",
            "name": "Can delete email confirmation",
            "content_type": 18
        }
    }, {
        "pk": 43,
        "model": "auth.permission",
        "fields": {
            "codename": "add_dontsendentry",
            "name": "Can add don't send entry",
            "content_type": 15
        }
    }, {
        "pk": 44,
        "model": "auth.permission",
        "fields": {
            "codename": "change_dontsendentry",
            "name": "Can change don't send entry",
            "content_type": 15
        }
    }, {
        "pk": 45,
        "model": "auth.permission",
        "fields": {
            "codename": "delete_dontsendentry",
            "name": "Can delete don't send entry",
            "content_type": 15
        }
    }, {
        "pk": 40,
        "model": "auth.permission",
        "fields": {
            "codename": "add_message",
            "name": "Can add message",
            "content_type": 14
        }
    }, {
        "pk": 41,
        "model": "auth.permission",
        "fields": {
            "codename": "change_message",
            "name": "Can change message",
            "content_type": 14
        }
    }, {
        "pk": 42,
        "model": "auth.permission",
        "fields": {
            "codename": "delete_message",
            "name": "Can delete message",
            "content_type": 14
        }
    }, {
        "pk": 46,
        "model": "auth.permission",
        "fields": {
            "codename": "add_messagelog",
            "name": "Can add message log",
            "content_type": 16
        }
    }, {
        "pk": 47,
        "model": "auth.permission",
        "fields": {
            "codename": "change_messagelog",
            "name": "Can change message log",
            "content_type": 16
        }
    }, {
        "pk": 48,
        "model": "auth.permission",
        "fields": {
            "codename": "delete_messagelog",
            "name": "Can delete message log",
            "content_type": 16
        }
    }, {
        "pk": 31,
        "model": "auth.permission",
        "fields": {
            "codename": "add_notice",
            "name": "Can add notice",
            "content_type": 11
        }
    }, {
        "pk": 32,
        "model": "auth.permission",
        "fields": {
            "codename": "change_notice",
            "name": "Can change notice",
            "content_type": 11
        }
    }, {
        "pk": 33,
        "model": "auth.permission",
        "fields": {
            "codename": "delete_notice",
            "name": "Can delete notice",
            "content_type": 11
        }
    }, {
        "pk": 34,
        "model": "auth.permission",
        "fields": {
            "codename": "add_noticequeuebatch",
            "name": "Can add notice queue batch",
            "content_type": 12
        }
    }, {
        "pk": 35,
        "model": "auth.permission",
        "fields": {
            "codename": "change_noticequeuebatch",
            "name": "Can change notice queue batch",
            "content_type": 12
        }
    }, {
        "pk": 36,
        "model": "auth.permission",
        "fields": {
            "codename": "delete_noticequeuebatch",
            "name": "Can delete notice queue batch",
            "content_type": 12
        }
    }, {
        "pk": 28,
        "model": "auth.permission",
        "fields": {
            "codename": "add_noticesetting",
            "name": "Can add notice setting",
            "content_type": 10
        }
    }, {
        "pk": 29,
        "model": "auth.permission",
        "fields": {
            "codename": "change_noticesetting",
            "name": "Can change notice setting",
            "content_type": 10
        }
    }, {
        "pk": 30,
        "model": "auth.permission",
        "fields": {
            "codename": "delete_noticesetting",
            "name": "Can delete notice setting",
            "content_type": 10
        }
    }, {
        "pk": 25,
        "model": "auth.permission",
        "fields": {
            "codename": "add_noticetype",
            "name": "Can add notice type",
            "content_type": 9
        }
    }, {
        "pk": 26,
        "model": "auth.permission",
        "fields": {
            "codename": "change_noticetype",
            "name": "Can change notice type",
            "content_type": 9
        }
    }, {
        "pk": 27,
        "model": "auth.permission",
        "fields": {
            "codename": "delete_noticetype",
            "name": "Can delete notice type",
            "content_type": 9
        }
    }, {
        "pk": 37,
        "model": "auth.permission",
        "fields": {
            "codename": "add_observeditem",
            "name": "Can add observed item",
            "content_type": 13
        }
    }, {
        "pk": 38,
        "model": "auth.permission",
        "fields": {
            "codename": "change_observeditem",
            "name": "Can change observed item",
            "content_type": 13
        }
    }, {
        "pk": 39,
        "model": "auth.permission",
        "fields": {
            "codename": "delete_observeditem",
            "name": "Can delete observed item",
            "content_type": 13
        }
    }, {
        "pk": 70,
        "model": "auth.permission",
        "fields": {
            "codename": "add_profile",
            "name": "Can add profile",
            "content_type": 24
        }
    }, {
        "pk": 71,
        "model": "auth.permission",
        "fields": {
            "codename": "change_profile",
            "name": "Can change profile",
            "content_type": 24
        }
    }, {
        "pk": 72,
        "model": "auth.permission",
        "fields": {
            "codename": "delete_profile",
            "name": "Can delete profile",
            "content_type": 24
        }
    }, {
        "pk": 82,
        "model": "auth.permission",
        "fields": {
            "codename": "add_challenge",
            "name": "Can add Challenge",
            "content_type": 28
        }
    }, {
        "pk": 83,
        "model": "auth.permission",
        "fields": {
            "codename": "change_challenge",
            "name": "Can change Challenge",
            "content_type": 28
        }
    }, {
        "pk": 84,
        "model": "auth.permission",
        "fields": {
            "codename": "delete_challenge",
            "name": "Can delete Challenge",
            "content_type": 28
        }
    }, {
        "pk": 91,
        "model": "auth.permission",
        "fields": {
            "codename": "add_challengeexercise",
            "name": "Can add challenge exercise",
            "content_type": 31
        }
    }, {
        "pk": 92,
        "model": "auth.permission",
        "fields": {
            "codename": "change_challengeexercise",
            "name": "Can change challenge exercise",
            "content_type": 31
        }
    }, {
        "pk": 93,
        "model": "auth.permission",
        "fields": {
            "codename": "delete_challengeexercise",
            "name": "Can delete challenge exercise",
            "content_type": 31
        }
    }, {
        "pk": 94,
        "model": "auth.permission",
        "fields": {
            "codename": "add_classinvitation",
            "name": "Can add Classroom invitation",
            "content_type": 32
        }
    }, {
        "pk": 95,
        "model": "auth.permission",
        "fields": {
            "codename": "change_classinvitation",
            "name": "Can change Classroom invitation",
            "content_type": 32
        }
    }, {
        "pk": 96,
        "model": "auth.permission",
        "fields": {
            "codename": "delete_classinvitation",
            "name": "Can delete Classroom invitation",
            "content_type": 32
        }
    }, {
        "pk": 79,
        "model": "auth.permission",
        "fields": {
            "codename": "add_classroom",
            "name": "Can add Classroom",
            "content_type": 27
        }
    }, {
        "pk": 80,
        "model": "auth.permission",
        "fields": {
            "codename": "change_classroom",
            "name": "Can change Classroom",
            "content_type": 27
        }
    }, {
        "pk": 81,
        "model": "auth.permission",
        "fields": {
            "codename": "delete_classroom",
            "name": "Can delete Classroom",
            "content_type": 27
        }
    }, {
        "pk": 85,
        "model": "auth.permission",
        "fields": {
            "codename": "add_classroomteam",
            "name": "Can add Classroom Team",
            "content_type": 29
        }
    }, {
        "pk": 86,
        "model": "auth.permission",
        "fields": {
            "codename": "change_classroomteam",
            "name": "Can change Classroom Team",
            "content_type": 29
        }
    }, {
        "pk": 87,
        "model": "auth.permission",
        "fields": {
            "codename": "delete_classroomteam",
            "name": "Can delete Classroom Team",
            "content_type": 29
        }
    }, {
        "pk": 88,
        "model": "auth.permission",
        "fields": {
            "codename": "add_groupchallenge",
            "name": "Can add group challenge",
            "content_type": 30
        }
    }, {
        "pk": 89,
        "model": "auth.permission",
        "fields": {
            "codename": "change_groupchallenge",
            "name": "Can change group challenge",
            "content_type": 30
        }
    }, {
        "pk": 90,
        "model": "auth.permission",
        "fields": {
            "codename": "delete_groupchallenge",
            "name": "Can delete group challenge",
            "content_type": 30
        }
    }, {
        "pk": 73,
        "model": "auth.permission",
        "fields": {
            "codename": "add_school",
            "name": "Can add School",
            "content_type": 25
        }
    }, {
        "pk": 74,
        "model": "auth.permission",
        "fields": {
            "codename": "change_school",
            "name": "Can change School",
            "content_type": 25
        }
    }, {
        "pk": 75,
        "model": "auth.permission",
        "fields": {
            "codename": "delete_school",
            "name": "Can delete School",
            "content_type": 25
        }
    }, {
        "pk": 76,
        "model": "auth.permission",
        "fields": {
            "codename": "add_userprofile",
            "name": "Can add User profile",
            "content_type": 26
        }
    }, {
        "pk": 77,
        "model": "auth.permission",
        "fields": {
            "codename": "change_userprofile",
            "name": "Can change User profile",
            "content_type": 26
        }
    }, {
        "pk": 78,
        "model": "auth.permission",
        "fields": {
            "codename": "delete_userprofile",
            "name": "Can delete User profile",
            "content_type": 26
        }
    }, {
        "pk": 19,
        "model": "auth.permission",
        "fields": {
            "codename": "add_session",
            "name": "Can add session",
            "content_type": 7
        }
    }, {
        "pk": 20,
        "model": "auth.permission",
        "fields": {
            "codename": "change_session",
            "name": "Can change session",
            "content_type": 7
        }
    }, {
        "pk": 21,
        "model": "auth.permission",
        "fields": {
            "codename": "delete_session",
            "name": "Can delete session",
            "content_type": 7
        }
    }, {
        "pk": 64,
        "model": "auth.permission",
        "fields": {
            "codename": "add_signupcode",
            "name": "Can add signup code",
            "content_type": 22
        }
    }, {
        "pk": 65,
        "model": "auth.permission",
        "fields": {
            "codename": "change_signupcode",
            "name": "Can change signup code",
            "content_type": 22
        }
    }, {
        "pk": 66,
        "model": "auth.permission",
        "fields": {
            "codename": "delete_signupcode",
            "name": "Can delete signup code",
            "content_type": 22
        }
    }, {
        "pk": 67,
        "model": "auth.permission",
        "fields": {
            "codename": "add_signupcoderesult",
            "name": "Can add signup code result",
            "content_type": 23
        }
    }, {
        "pk": 68,
        "model": "auth.permission",
        "fields": {
            "codename": "change_signupcoderesult",
            "name": "Can change signup code result",
            "content_type": 23
        }
    }, {
        "pk": 69,
        "model": "auth.permission",
        "fields": {
            "codename": "delete_signupcoderesult",
            "name": "Can delete signup code result",
            "content_type": 23
        }
    }, {
        "pk": 22,
        "model": "auth.permission",
        "fields": {
            "codename": "add_site",
            "name": "Can add site",
            "content_type": 8
        }
    }, {
        "pk": 23,
        "model": "auth.permission",
        "fields": {
            "codename": "change_site",
            "name": "Can change site",
            "content_type": 8
        }
    }, {
        "pk": 24,
        "model": "auth.permission",
        "fields": {
            "codename": "delete_site",
            "name": "Can delete site",
            "content_type": 8
        }
    }, {
        "pk": 103,
        "model": "auth.permission",
        "fields": {
            "codename": "add_whiteboardsession",
            "name": "Can add whiteboard session",
            "content_type": 35
        }
    }, {
        "pk": 104,
        "model": "auth.permission",
        "fields": {
            "codename": "change_whiteboardsession",
            "name": "Can change whiteboard session",
            "content_type": 35
        }
    }, {
        "pk": 105,
        "model": "auth.permission",
        "fields": {
            "codename": "delete_whiteboardsession",
            "name": "Can delete whiteboard session",
            "content_type": 35
        }
    }, {
        "pk": 1,
        "model": "auth.group",
        "fields": {
            "name": "school.Glenwood",
            "permissions": []
        }
    }, {
        "pk": 2,
        "model": "auth.group",
        "fields": {
            "name": "school.ITT Tech",
            "permissions": []
        }
    }, {
        "pk": 3,
        "model": "auth.group",
        "fields": {
            "name": "class.Earth Science",
            "permissions": []
        }
    }, {
        "pk": 4,
        "model": "auth.group",
        "fields": {
            "name": "class.Math 101",
            "permissions": []
        }
    }, {
        "pk": 5,
        "model": "auth.group",
        "fields": {
            "name": "class.2.Math 101",
            "permissions": []
        }
    }, {
        "pk": 6,
        "model": "auth.group",
        "fields": {
            "name": "school.POCS",
            "permissions": []
        }
    }, {
        "pk": 7,
        "model": "auth.group",
        "fields": {
            "name": "class.7.Patel 8th",
            "permissions": []
        }
    }, {
        "pk": 8,
        "model": "auth.group",
        "fields": {
            "name": "team.class.class.7.PCMOmar E. Torres Charter School",
            "permissions": []
        }
    }, {
        "pk": 9,
        "model": "auth.group",
        "fields": {
            "name": "team.class.class.7.Patel 8th.SAMF.school.POCS",
            "permissions": []
        }
    }, {
        "pk": 10,
        "model": "auth.group",
        "fields": {
            "name": "team.class.class.7.Patel 8th.YOLO.school.POCS",
            "permissions": []
        }
    }, {
        "pk": 11,
        "model": "auth.group",
        "fields": {
            "name": "team.class.class.7.Patel 8th.UE.school.POCS",
            "permissions": []
        }
    }, {
        "pk": 12,
        "model": "auth.group",
        "fields": {
            "name": "team.class.class.7.Patel 8th.Bubbles.school.POCS",
            "permissions": []
        }
    }, {
        "pk": 13,
        "model": "auth.group",
        "fields": {
            "name": "team.class.class.7.Patel 8th.Wolves.school.POCS",
            "permissions": []
        }
    }, {
        "pk": 14,
        "model": "auth.group",
        "fields": {
            "name": "team.class.class.7.Patel 8th.Bulls.school.POCS",
            "permissions": []
        }
    }, {
        "pk": 15,
        "model": "auth.group",
        "fields": {
            "name": "team.class.class.7.Patel 8th.C's in C.school.POCS",
            "permissions": []
        }
    }, {
        "pk": 16,
        "model": "auth.group",
        "fields": {
            "name": "team.class.class.7.Patel 8th.Fast 3.school.POCS",
            "permissions": []
        }
    }, {
        "pk": 17,
        "model": "auth.group",
        "fields": {
            "name": "team.class.class.7.Patel 8th.Geek Squad.school.POCS",
            "permissions": []
        }
    }, {
        "pk": 18,
        "model": "auth.group",
        "fields": {
            "name": "team.class.class.7.Patel 8th.Leslies.school.POCS",
            "permissions": []
        }
    }, {
        "pk": 19,
        "model": "auth.group",
        "fields": {
            "name": "team.class.class.7.Patel 8th.Math Killa.school.POCS",
            "permissions": []
        }
    }, {
        "pk": 1,
        "model": "auth.user",
        "fields": {
            "username": "admin",
            "first_name": "Test",
            "last_name": "Admin",
            "is_active": true,
            "is_superuser": true,
            "is_staff": true,
            "last_login": "2012-05-03 20:44:06",
            "groups": [],
            "user_permissions": [],
            "password": "sha1$0272b$df1c16ee5163051e4e2c83b336ecbec17b7aa1ed",
            "email": "admin@theknetwork.org",
            "date_joined": "2012-05-03 20:44:06"
        }
    }, {
        "pk": 2,
        "model": "auth.user",
        "fields": {
            "username": "bsmith",
            "first_name": "Bobby",
            "last_name": "Smith",
            "is_active": true,
            "is_superuser": false,
            "is_staff": false,
            "last_login": "2012-05-03 20:44:06",
            "groups": [1, 3, 4],
            "user_permissions": [],
            "password": "sha1$0272b$df1c16ee5163051e4e2c83b336ecbec17b7aa1ed",
            "email": "noemail@noemail.com",
            "date_joined": "2012-05-03 20:44:06"
        }
    }, {
        "pk": 3,
        "model": "auth.user",
        "fields": {
            "username": "pkuperman",
            "first_name": "Peter",
            "last_name": "Kuperman",
            "is_active": true,
            "is_superuser": false,
            "is_staff": true,
            "last_login": "2012-05-03 20:44:06",
            "groups": [1, 2, 3, 4, 5],
            "user_permissions": [],
            "password": "sha1$0272b$df1c16ee5163051e4e2c83b336ecbec17b7aa1ed",
            "email": "pkuperman@theknetwork.org",
            "date_joined": "2012-05-03 20:44:06"
        }
    }, {
        "pk": 4,
        "model": "auth.user",
        "fields": {
            "username": "mjoshen",
            "first_name": "Mustefa",
            "last_name": "Jo'shen",
            "is_active": true,
            "is_superuser": false,
            "is_staff": true,
            "last_login": "2012-05-03 20:44:06",
            "groups": [1, 2, 3, 4, 5],
            "user_permissions": [],
            "password": "sha1$0272b$df1c16ee5163051e4e2c83b336ecbec17b7aa1ed",
            "email": "mustefa@theknetwork.org",
            "date_joined": "2012-05-03 20:44:06"
        }
    }, {
        "pk": 5,
        "model": "auth.user",
        "fields": {
            "username": "ccoy",
            "first_name": "Chris",
            "last_name": "Coy",
            "is_active": true,
            "is_superuser": false,
            "is_staff": true,
            "last_login": "2012-05-03 20:44:06",
            "groups": [],
            "user_permissions": [],
            "password": "pbkdf2_sha256$10000$eNdulk9BdifU$n9ZL4zlxXIRDns5qBeiMJJ4ckgWUB8KbJoBVPGINiNc=",
            "email": "chris@theknetwork.org",
            "date_joined": "2012-05-03 20:44:06"
        }
    }, {
        "pk": 6,
        "model": "auth.user",
        "fields": {
            "username": "teacher1",
            "first_name": "Teacher",
            "last_name": "One",
            "is_active": true,
            "is_superuser": false,
            "is_staff": false,
            "last_login": "2012-05-03 20:44:06",
            "groups": [1, 3, 4],
            "user_permissions": [],
            "password": "sha1$0272b$df1c16ee5163051e4e2c83b336ecbec17b7aa1ed",
            "email": "admin@theknetwork.org",
            "date_joined": "2012-05-03 20:44:06"
        }
    }, {
        "pk": 7,
        "model": "auth.user",
        "fields": {
            "username": "teacher2",
            "first_name": "Teacher",
            "last_name": "Two",
            "is_active": true,
            "is_superuser": false,
            "is_staff": false,
            "last_login": "2012-05-03 20:44:06",
            "groups": [2, 5],
            "user_permissions": [],
            "password": "sha1$0272b$df1c16ee5163051e4e2c83b336ecbec17b7aa1ed",
            "email": "admin@theknetwork.org",
            "date_joined": "2012-05-03 20:44:06"
        }
    }, {
        "pk": 9,
        "model": "auth.user",
        "fields": {
            "username": "aaco",
            "first_name": "Ashley",
            "last_name": "Aco",
            "is_active": true,
            "is_superuser": false,
            "is_staff": false,
            "last_login": "2012-05-03 20:44:06",
            "groups": [6, 7, 8, 15],
            "user_permissions": [],
            "password": "sha1$0272b$df1c16ee5163051e4e2c83b336ecbec17b7aa1ed",
            "email": "noemail@noemail.com",
            "date_joined": "2012-05-03 20:44:06"
        }
    }, {
        "pk": 10,
        "model": "auth.user",
        "fields": {
            "username": "vbustos",
            "first_name": "Vicente",
            "last_name": "Bustos",
            "is_active": true,
            "is_superuser": false,
            "is_staff": false,
            "last_login": "2012-05-03 20:44:06",
            "groups": [6, 7, 14],
            "user_permissions": [],
            "password": "sha1$0272b$df1c16ee5163051e4e2c83b336ecbec17b7aa1ed",
            "email": "noemail@noemail.com",
            "date_joined": "2012-05-03 20:44:06"
        }
    }, {
        "pk": 11,
        "model": "auth.user",
        "fields": {
            "username": "lcavada",
            "first_name": "Leslie",
            "last_name": "Cavada",
            "is_active": true,
            "is_superuser": false,
            "is_staff": false,
            "last_login": "2012-05-03 20:44:06",
            "groups": [6, 7, 18],
            "user_permissions": [],
            "password": "sha1$0272b$df1c16ee5163051e4e2c83b336ecbec17b7aa1ed",
            "email": "noemail@noemail.com",
            "date_joined": "2012-05-03 20:44:06"
        }
    }, {
        "pk": 12,
        "model": "auth.user",
        "fields": {
            "username": "vchavez",
            "first_name": "Viri",
            "last_name": "Chavez",
            "is_active": true,
            "is_superuser": false,
            "is_staff": false,
            "last_login": "2012-05-03 20:44:06",
            "groups": [6, 7, 15],
            "user_permissions": [],
            "password": "sha1$0272b$df1c16ee5163051e4e2c83b336ecbec17b7aa1ed",
            "email": "noemail@noemail.com",
            "date_joined": "2012-05-03 20:44:06"
        }
    }, {
        "pk": 13,
        "model": "auth.user",
        "fields": {
            "username": "ldavila",
            "first_name": "Luke",
            "last_name": "Davila",
            "is_active": true,
            "is_superuser": false,
            "is_staff": false,
            "last_login": "2012-03-25 14:20:57",
            "groups": [6, 7, 13],
            "user_permissions": [],
            "password": "sha1$0272b$df1c16ee5163051e4e2c83b336ecbec17b7aa1ed",
            "email": "noemail@noemail.com",
            "date_joined": "2012-03-25 14:20:57"
        }
    }, {
        "pk": 14,
        "model": "auth.user",
        "fields": {
            "username": "ldiaz",
            "first_name": "Leslie",
            "last_name": "Diaz",
            "is_active": true,
            "is_superuser": false,
            "is_staff": false,
            "last_login": "2012-03-25 14:20:57",
            "groups": [6, 7, 18],
            "user_permissions": [],
            "password": "sha1$0272b$df1c16ee5163051e4e2c83b336ecbec17b7aa1ed",
            "email": "noemail@noemail.com",
            "date_joined": "2012-03-25 14:20:57"
        }
    }, {
        "pk": 15,
        "model": "auth.user",
        "fields": {
            "username": "aestrada",
            "first_name": "Aldini",
            "last_name": "Estrada",
            "is_active": true,
            "is_superuser": false,
            "is_staff": false,
            "last_login": "2012-03-25 14:20:57",
            "groups": [6, 7, 17],
            "user_permissions": [],
            "password": "sha1$0272b$df1c16ee5163051e4e2c83b336ecbec17b7aa1ed",
            "email": "noemail@noemail.com",
            "date_joined": "2012-03-25 14:20:57"
        }
    }, {
        "pk": 16,
        "model": "auth.user",
        "fields": {
            "username": "sgalicia",
            "first_name": "Stephanie",
            "last_name": "Galicia",
            "is_active": true,
            "is_superuser": false,
            "is_staff": false,
            "last_login": "2012-03-25 14:20:57",
            "groups": [6, 7, 10],
            "user_permissions": [],
            "password": "sha1$0272b$df1c16ee5163051e4e2c83b336ecbec17b7aa1ed",
            "email": "noemail@noemail.com",
            "date_joined": "2012-03-25 14:20:57"
        }
    }, {
        "pk": 17,
        "model": "auth.user",
        "fields": {
            "username": "dguevera",
            "first_name": "Daisy",
            "last_name": "Guevera",
            "is_active": true,
            "is_superuser": false,
            "is_staff": false,
            "last_login": "2012-03-25 14:20:57",
            "groups": [6, 7, 12],
            "user_permissions": [],
            "password": "sha1$0272b$df1c16ee5163051e4e2c83b336ecbec17b7aa1ed",
            "email": "noemail@noemail.com",
            "date_joined": "2012-03-25 14:20:57"
        }
    }, {
        "pk": 18,
        "model": "auth.user",
        "fields": {
            "username": "vgutierrez",
            "first_name": "Vanessa",
            "last_name": "Gutierrez",
            "is_active": true,
            "is_superuser": false,
            "is_staff": false,
            "last_login": "2012-03-25 14:20:57",
            "groups": [6, 7, 8],
            "user_permissions": [],
            "password": "sha1$0272b$df1c16ee5163051e4e2c83b336ecbec17b7aa1ed",
            "email": "noemail@noemail.com",
            "date_joined": "2012-03-25 14:20:57"
        }
    }, {
        "pk": 19,
        "model": "auth.user",
        "fields": {
            "username": "jgutierrez",
            "first_name": "Juan",
            "last_name": "Gutierrez",
            "is_active": true,
            "is_superuser": false,
            "is_staff": false,
            "last_login": "2012-03-25 14:20:57",
            "groups": [6, 7, 14],
            "user_permissions": [],
            "password": "sha1$0272b$df1c16ee5163051e4e2c83b336ecbec17b7aa1ed",
            "email": "noemail@noemail.com",
            "date_joined": "2012-03-25 14:20:57"
        }
    }, {
        "pk": 20,
        "model": "auth.user",
        "fields": {
            "username": "alhernandez",
            "first_name": "Alexis",
            "last_name": "Hernandez",
            "is_active": true,
            "is_superuser": false,
            "is_staff": false,
            "last_login": "2012-03-25 14:20:57",
            "groups": [6, 7, 10],
            "user_permissions": [],
            "password": "sha1$0272b$df1c16ee5163051e4e2c83b336ecbec17b7aa1ed",
            "email": "noemail@noemail.com",
            "date_joined": "2012-03-25 14:20:57"
        }
    }, {
        "pk": 21,
        "model": "auth.user",
        "fields": {
            "username": "ashernandez",
            "first_name": "Alexis (Salma)",
            "last_name": "Hernandez",
            "is_active": true,
            "is_superuser": false,
            "is_staff": false,
            "last_login": "2012-03-25 14:20:57",
            "groups": [6, 7, 15],
            "user_permissions": [],
            "password": "sha1$0272b$df1c16ee5163051e4e2c83b336ecbec17b7aa1ed",
            "email": "noemail@noemail.com",
            "date_joined": "2012-03-25 14:20:57"
        }
    }, {
        "pk": 22,
        "model": "auth.user",
        "fields": {
            "username": "mjimenez",
            "first_name": "Maria",
            "last_name": "Jimenez",
            "is_active": true,
            "is_superuser": false,
            "is_staff": false,
            "last_login": "2012-03-25 14:20:57",
            "groups": [6, 7, 16],
            "user_permissions": [],
            "password": "sha1$0272b$df1c16ee5163051e4e2c83b336ecbec17b7aa1ed",
            "email": "noemail@noemail.com",
            "date_joined": "2012-03-25 14:20:57"
        }
    }, {
        "pk": 23,
        "model": "auth.user",
        "fields": {
            "username": "aleon",
            "first_name": "Alexa",
            "last_name": "Leon",
            "is_active": true,
            "is_superuser": false,
            "is_staff": false,
            "last_login": "2012-03-25 14:20:57",
            "groups": [6, 7, 19],
            "user_permissions": [],
            "password": "sha1$0272b$df1c16ee5163051e4e2c83b336ecbec17b7aa1ed",
            "email": "noemail@noemail.com",
            "date_joined": "2012-03-25 14:20:57"
        }
    }, {
        "pk": 24,
        "model": "auth.user",
        "fields": {
            "username": "cmartinez",
            "first_name": "Cesar",
            "last_name": "Martinez",
            "is_active": true,
            "is_superuser": false,
            "is_staff": false,
            "last_login": "2012-03-25 14:20:57",
            "groups": [6, 7, 19],
            "user_permissions": [],
            "password": "sha1$0272b$df1c16ee5163051e4e2c83b336ecbec17b7aa1ed",
            "email": "noemail@noemail.com",
            "date_joined": "2012-03-25 14:20:57"
        }
    }, {
        "pk": 25,
        "model": "auth.user",
        "fields": {
            "username": "kmendoza",
            "first_name": "Kevin",
            "last_name": "Mendoza",
            "is_active": true,
            "is_superuser": false,
            "is_staff": false,
            "last_login": "2012-03-25 14:20:57",
            "groups": [6, 7, 16],
            "user_permissions": [],
            "password": "sha1$0272b$df1c16ee5163051e4e2c83b336ecbec17b7aa1ed",
            "email": "noemail@noemail.com",
            "date_joined": "2012-03-25 14:20:57"
        }
    }, {
        "pk": 26,
        "model": "auth.user",
        "fields": {
            "username": "mmoreno",
            "first_name": "Michelle",
            "last_name": "Moreno",
            "is_active": true,
            "is_superuser": false,
            "is_staff": false,
            "last_login": "2012-03-25 14:20:57",
            "groups": [6, 7, 19],
            "user_permissions": [],
            "password": "sha1$0272b$df1c16ee5163051e4e2c83b336ecbec17b7aa1ed",
            "email": "noemail@noemail.com",
            "date_joined": "2012-03-25 14:20:57"
        }
    }, {
        "pk": 27,
        "model": "auth.user",
        "fields": {
            "username": "anieves",
            "first_name": "Anthony",
            "last_name": "Nieves",
            "is_active": true,
            "is_superuser": false,
            "is_staff": false,
            "last_login": "2012-03-25 14:20:57",
            "groups": [6, 7, 11],
            "user_permissions": [],
            "password": "sha1$0272b$df1c16ee5163051e4e2c83b336ecbec17b7aa1ed",
            "email": "noemail@noemail.com",
            "date_joined": "2012-03-25 14:20:57"
        }
    }, {
        "pk": 28,
        "model": "auth.user",
        "fields": {
            "username": "molivares",
            "first_name": "Mario",
            "last_name": "Olivares",
            "is_active": true,
            "is_superuser": false,
            "is_staff": false,
            "last_login": "2012-03-25 14:20:57",
            "groups": [6, 7, 17],
            "user_permissions": [],
            "password": "sha1$0272b$df1c16ee5163051e4e2c83b336ecbec17b7aa1ed",
            "email": "noemail@noemail.com",
            "date_joined": "2012-03-25 14:20:57"
        }
    }, {
        "pk": 29,
        "model": "auth.user",
        "fields": {
            "username": "ipena",
            "first_name": "Ivan",
            "last_name": "Pena",
            "is_active": true,
            "is_superuser": false,
            "is_staff": false,
            "last_login": "2012-03-25 14:20:57",
            "groups": [6, 7, 17],
            "user_permissions": [],
            "password": "sha1$0272b$df1c16ee5163051e4e2c83b336ecbec17b7aa1ed",
            "email": "noemail@noemail.com",
            "date_joined": "2012-03-25 14:20:57"
        }
    }, {
        "pk": 30,
        "model": "auth.user",
        "fields": {
            "username": "mperez",
            "first_name": "Max",
            "last_name": "Perez",
            "is_active": true,
            "is_superuser": false,
            "is_staff": false,
            "last_login": "2012-03-25 14:20:57",
            "groups": [6, 7, 13],
            "user_permissions": [],
            "password": "sha1$0272b$df1c16ee5163051e4e2c83b336ecbec17b7aa1ed",
            "email": "noemail@noemail.com",
            "date_joined": "2012-03-25 14:20:57"
        }
    }, {
        "pk": 31,
        "model": "auth.user",
        "fields": {
            "username": "jrebolledo",
            "first_name": "Jacob",
            "last_name": "Rebolledo",
            "is_active": true,
            "is_superuser": false,
            "is_staff": false,
            "last_login": "2012-03-25 14:20:57",
            "groups": [6, 7, 9],
            "user_permissions": [],
            "password": "sha1$0272b$df1c16ee5163051e4e2c83b336ecbec17b7aa1ed",
            "email": "noemail@noemail.com",
            "date_joined": "2012-03-25 14:20:57"
        }
    }, {
        "pk": 32,
        "model": "auth.user",
        "fields": {
            "username": "jsalceda",
            "first_name": "Javier",
            "last_name": "Salceda",
            "is_active": true,
            "is_superuser": false,
            "is_staff": false,
            "last_login": "2012-03-25 14:20:57",
            "groups": [6, 7, 9],
            "user_permissions": [],
            "password": "sha1$0272b$df1c16ee5163051e4e2c83b336ecbec17b7aa1ed",
            "email": "noemail@noemail.com",
            "date_joined": "2012-03-25 14:20:57"
        }
    }, {
        "pk": 33,
        "model": "auth.user",
        "fields": {
            "username": "csantiago",
            "first_name": "Christian",
            "last_name": "Santiago",
            "is_active": true,
            "is_superuser": false,
            "is_staff": false,
            "last_login": "2012-05-06 03:11:50",
            "groups": [6, 7, 11],
            "user_permissions": [],
            "password": "sha1$0272b$df1c16ee5163051e4e2c83b336ecbec17b7aa1ed",
            "email": "noemail@noemail.com",
            "date_joined": "2012-03-25 14:20:57"
        }
    }, {
        "pk": 34,
        "model": "auth.user",
        "fields": {
            "username": "nsaucedo",
            "first_name": "Neyla",
            "last_name": "Saucedo",
            "is_active": true,
            "is_superuser": false,
            "is_staff": false,
            "last_login": "2012-03-25 14:20:57",
            "groups": [6, 7, 16],
            "user_permissions": [],
            "password": "sha1$0272b$df1c16ee5163051e4e2c83b336ecbec17b7aa1ed",
            "email": "noemail@noemail.com",
            "date_joined": "2012-03-25 14:20:57"
        }
    }, {
        "pk": 35,
        "model": "auth.user",
        "fields": {
            "username": "esegovia",
            "first_name": "Elaine",
            "last_name": "Segovia",
            "is_active": true,
            "is_superuser": false,
            "is_staff": false,
            "last_login": "2012-03-25 14:20:57",
            "groups": [6, 7, 12],
            "user_permissions": [],
            "password": "sha1$0272b$df1c16ee5163051e4e2c83b336ecbec17b7aa1ed",
            "email": "noemail@noemail.com",
            "date_joined": "2012-03-25 14:20:57"
        }
    }, {
        "pk": 36,
        "model": "auth.user",
        "fields": {
            "username": "gtaboada",
            "first_name": "Gerardo",
            "last_name": "Taboada",
            "is_active": true,
            "is_superuser": false,
            "is_staff": false,
            "last_login": "2012-03-25 14:20:57",
            "groups": [6, 7, 16],
            "user_permissions": [],
            "password": "sha1$0272b$df1c16ee5163051e4e2c83b336ecbec17b7aa1ed",
            "email": "noemail@noemail.com",
            "date_joined": "2012-03-25 14:20:57"
        }
    }, {
        "pk": 37,
        "model": "auth.user",
        "fields": {
            "username": "atrujillo",
            "first_name": "Annais",
            "last_name": "Trujillo",
            "is_active": true,
            "is_superuser": false,
            "is_staff": false,
            "last_login": "2012-03-25 14:20:57",
            "groups": [6, 7],
            "user_permissions": [],
            "password": "sha1$0272b$df1c16ee5163051e4e2c83b336ecbec17b7aa1ed",
            "email": "noemail@noemail.com",
            "date_joined": "2012-03-25 14:20:57"
        }
    }, {
        "pk": 38,
        "model": "auth.user",
        "fields": {
            "username": "rvaldes",
            "first_name": "Ramiro",
            "last_name": "Valdes",
            "is_active": true,
            "is_superuser": false,
            "is_staff": false,
            "last_login": "2012-03-25 14:20:57",
            "groups": [6, 7, 15],
            "user_permissions": [],
            "password": "sha1$0272b$df1c16ee5163051e4e2c83b336ecbec17b7aa1ed",
            "email": "noemail@noemail.com",
            "date_joined": "2012-03-25 14:20:57"
        }
    }, {
        "pk": 39,
        "model": "auth.user",
        "fields": {
            "username": "cvera",
            "first_name": "Cameron",
            "last_name": "Vera",
            "is_active": true,
            "is_superuser": false,
            "is_staff": false,
            "last_login": "2012-03-25 14:20:57",
            "groups": [6, 7, 11],
            "user_permissions": [],
            "password": "sha1$0272b$df1c16ee5163051e4e2c83b336ecbec17b7aa1ed",
            "email": "noemail@noemail.com",
            "date_joined": "2012-03-25 14:20:57"
        }
    }, {
        "pk": 40,
        "model": "auth.user",
        "fields": {
            "username": "cjones",
            "first_name": "Cameron",
            "last_name": "Jones",
            "is_active": true,
            "is_superuser": false,
            "is_staff": false,
            "last_login": "2012-04-24 22:19:05",
            "groups": [6, 7],
            "user_permissions": [],
            "password": "sha1$0272b$df1c16ee5163051e4e2c83b336ecbec17b7aa1ed",
            "email": "noemail@noemail.com",
            "date_joined": "2012-03-25 14:20:57"
        }
    }, {
        "pk": 41,
        "model": "auth.user",
        "fields": {
            "username": "hpatel",
            "first_name": "",
            "last_name": "",
            "is_active": true,
            "is_superuser": false,
            "is_staff": false,
            "last_login": "2012-04-26 12:59:30",
            "groups": [6, 7],
            "user_permissions": [],
            "password": "sha1$0272b$df1c16ee5163051e4e2c83b336ecbec17b7aa1ed",
            "email": "",
            "date_joined": "2012-04-26 12:59:30"
        }
    }, {
        "pk": 1,
        "model": "schools.school",
        "fields": {
            "address_city": "",
            "school_url": "",
            "address_line_one": "",
            "school_name": "Glenwood",
            "gender_flag": "",
            "address_state": "",
            "address_country": "",
            "address_line_two": "",
            "permissions": []
        }
    }, {
        "pk": 2,
        "model": "schools.school",
        "fields": {
            "address_city": "",
            "school_url": "",
            "address_line_one": "",
            "school_name": "ITT Tech",
            "gender_flag": "",
            "address_state": "",
            "address_country": "",
            "address_line_two": "",
            "permissions": []
        }
    }, {
        "pk": 6,
        "model": "schools.school",
        "fields": {
            "address_city": "",
            "school_url": "",
            "address_line_one": "",
            "school_name": "PFC Omar E. Torres Charter School",
            "gender_flag": "C",
            "address_state": "",
            "address_country": "",
            "address_line_two": "",
            "permissions": []
        }
    }, {
        "pk": 3,
        "model": "schools.classroom",
        "fields": {
            "class_name": "Earth Science",
            "class_description": "",
            "school": 1,
            "permissions": []
        }
    }, {
        "pk": 4,
        "model": "schools.classroom",
        "fields": {
            "class_name": "Math 101",
            "class_description": "",
            "school": 1,
            "permissions": []
        }
    }, {
        "pk": 5,
        "model": "schools.classroom",
        "fields": {
            "class_name": "Math 101",
            "class_description": "",
            "school": 2,
            "permissions": []
        }
    }, {
        "pk": 7,
        "model": "schools.classroom",
        "fields": {
            "class_name": "Patel 8th",
            "class_description": "",
            "school": 6,
            "permissions": []
        }
    }, {
        "pk": 8,
        "model": "schools.classroomteam",
        "fields": {
            "classroom": 7,
            "team_name": "Cookie Monster",
            "challenge_complete_count": 0,
            "permissions": [],
            "exercise_complete_count": 0
        }
    }, {
        "pk": 9,
        "model": "schools.classroomteam",
        "fields": {
            "classroom": 7,
            "team_name": "SAMF",
            "challenge_complete_count": 0,
            "permissions": [],
            "exercise_complete_count": 0
        }
    }, {
        "pk": 10,
        "model": "schools.classroomteam",
        "fields": {
            "classroom": 7,
            "team_name": "YOLO",
            "challenge_complete_count": 1,
            "permissions": [],
            "exercise_complete_count": 3
        }
    }, {
        "pk": 11,
        "model": "schools.classroomteam",
        "fields": {
            "classroom": 7,
            "team_name": "UE",
            "challenge_complete_count": 1,
            "permissions": [],
            "exercise_complete_count": 3
        }
    }, {
        "pk": 12,
        "model": "schools.classroomteam",
        "fields": {
            "classroom": 7,
            "team_name": "Bubbles",
            "challenge_complete_count": 1,
            "permissions": [],
            "exercise_complete_count": 3
        }
    }, {
        "pk": 13,
        "model": "schools.classroomteam",
        "fields": {
            "classroom": 7,
            "team_name": "Wolves",
            "challenge_complete_count": 0,
            "permissions": [],
            "exercise_complete_count": 0
        }
    }, {
        "pk": 14,
        "model": "schools.classroomteam",
        "fields": {
            "classroom": 7,
            "team_name": "Bulls",
            "challenge_complete_count": 1,
            "permissions": [],
            "exercise_complete_count": 3
        }
    }, {
        "pk": 15,
        "model": "schools.classroomteam",
        "fields": {
            "classroom": 7,
            "team_name": "C's in C",
            "challenge_complete_count": 1,
            "permissions": [],
            "exercise_complete_count": 3
        }
    }, {
        "pk": 16,
        "model": "schools.classroomteam",
        "fields": {
            "classroom": 7,
            "team_name": "Fast 3",
            "challenge_complete_count": 1,
            "permissions": [],
            "exercise_complete_count": 3
        }
    }, {
        "pk": 17,
        "model": "schools.classroomteam",
        "fields": {
            "classroom": 7,
            "team_name": "Geek Squad",
            "challenge_complete_count": 0,
            "permissions": [],
            "exercise_complete_count": 0
        }
    }, {
        "pk": 18,
        "model": "schools.classroomteam",
        "fields": {
            "classroom": 7,
            "team_name": "Leslies",
            "challenge_complete_count": 1,
            "permissions": [],
            "exercise_complete_count": 3
        }
    }, {
        "pk": 19,
        "model": "schools.classroomteam",
        "fields": {
            "classroom": 7,
            "team_name": "Math Killa",
            "challenge_complete_count": 0,
            "permissions": [],
            "exercise_complete_count": 0
        }
    }
]