[
    {
        "pk": 1,
        "model": "sites.site",
        "fields": {
            "domain": "theknetwork.org",
            "name": "The K-Network"
        }
    }, {
        "pk": 1,
        "model": "flatpages.flatpage",
        "fields": {
            "registration_required": false,
            "title": "About",
            "url": "/about/",
            "template_name": "",
            "sites": [1],
            "content": "<h2 style=\"margin: 0px; font-family: 'Helvetica Neue', Helvetica, Arial, sans-serif; color: #333333; text-rendering: optimizelegibility; font-size: 24px; line-height: 36px;\">About</h2>\r\n<p class=\"MsoNormal\" style=\"margin: 0px 0px 9px; font-family: 'Helvetica Neue', Helvetica, Arial, sans-serif; font-size: 13px; line-height: 18px; color: #333333;\">Empowering learners worldwide to take control of their education</p>\r\n<p class=\"MsoNormal\" style=\"margin: 0px 0px 9px; font-family: 'Helvetica Neue', Helvetica, Arial, sans-serif; font-size: 13px; line-height: 18px; color: #333333;\">The K Network is an organization on with a specific purpose.&nbsp; We are a not-for-profit with the goal of materially improving the way people learn by empowering learners worldwide to take control of their education.</p>\r\n<p class=\"MsoNormal\" style=\"margin: 0px 0px 9px; font-family: 'Helvetica Neue', Helvetica, Arial, sans-serif; font-size: 13px; line-height: 18px; color: #333333;\">Our foundational principle is the education should be freer and more easily accessible.&nbsp; To that end, all of the site&rsquo;s resources are available to anyone without cost.&nbsp; Regardless of whether you are a student, parent, teacher, administrator, adult who is a life-long learner, home-schooler or have woken up after a deep 25 year slumber, The K Network wants you to have the ability, the tools, the motivation and the materials to be able to learn in a deeper, more fulfilling, more inspired way.&nbsp; And all of the website&rsquo;s resources are available to you free of charge.</p>\r\n<h2 class=\"MsoNormal\" style=\"margin: 0px; font-family: 'Helvetica Neue', Helvetica, Arial, sans-serif; color: #333333; text-rendering: optimizelegibility; font-size: 24px; line-height: 36px;\"><strong>How it works for students</strong></h2>\r\n<p class=\"MsoNormal\" style=\"margin: 0px 0px 9px; font-family: 'Helvetica Neue', Helvetica, Arial, sans-serif; font-size: 13px; line-height: 18px; color: #333333;\">Students can start a class and start adding subjects or topics to study, taking advantage of social learning tools such as peer to peer teaching and learnings, group dynamics like when you are on a soccer team and resume-based credentialing for performing teaching and learning-based tasks.</p>\r\n<h2 class=\"MsoNormal\" style=\"margin: 0px; font-family: 'Helvetica Neue', Helvetica, Arial, sans-serif; color: #333333; text-rendering: optimizelegibility; font-size: 24px; line-height: 36px;\"><strong>How it works for coaches, parents and teachers</strong></h2>\r\n<p class=\"MsoNormal\" style=\"margin: 0px 0px 9px; font-family: 'Helvetica Neue', Helvetica, Arial, sans-serif; font-size: 13px; line-height: 18px; color: #333333;\">Those individuals who are helping students learn can also start a class and start adding subjects or topics to study.&nbsp; As a coach, parent or teacher, you can assign &ldquo;buckets&rdquo; of topics to the students they are working with, have teams of students work together and support each other while becoming proficient in topics and completing tasks, and track the progress of your class in real time.</p>\r\n<h2 class=\"MsoNormal\" style=\"margin: 0px; font-family: 'Helvetica Neue', Helvetica, Arial, sans-serif; color: #333333; text-rendering: optimizelegibility; font-size: 24px; line-height: 36px;\"><strong>Existing Content</strong></h2>\r\n<p class=\"MsoNormal\" style=\"margin: 0px 0px 9px; font-family: 'Helvetica Neue', Helvetica, Arial, sans-serif; font-size: 13px; line-height: 18px; color: #333333;\">For mathematics, our platform sits on top of Khan Academy&rsquo;s 345+ interactive exercises, turning single person Khan Academy into Group Khan Academy.</p>\r\n<h2 class=\"MsoNormal\" style=\"margin: 0px; font-family: 'Helvetica Neue', Helvetica, Arial, sans-serif; color: #333333; text-rendering: optimizelegibility; font-size: 24px; line-height: 36px;\"><strong>Future Content</strong></h2>\r\n<p class=\"MsoNormal\" style=\"margin: 0px 0px 9px; font-family: 'Helvetica Neue', Helvetica, Arial, sans-serif; font-size: 13px; line-height: 18px; color: #333333;\">For English, The K Network is building a &ldquo;Complete a Writing Task&rdquo; application, which will allow teachers to create a writing task, to assign it to students, to break that task down into its component steps and to track the completion of each step, giving teachers who assign writing tasks (English and Language Arts, Social Studies and Sciences) real time tracking of the progress their students make from the day the writing task is assigned to the day that it is handed in.</p>\r\n<p class=\"MsoNormal\" style=\"margin: 0px 0px 9px; font-family: 'Helvetica Neue', Helvetica, Arial, sans-serif; font-size: 13px; line-height: 18px; color: #333333;\">For all other subjects, The K Network has grand ambitions, but will take one step at a time.</p>\r\n<h2 class=\"MsoNormal\" style=\"margin: 0px; font-family: 'Helvetica Neue', Helvetica, Arial, sans-serif; color: #333333; text-rendering: optimizelegibility; font-size: 24px; line-height: 36px;\">A world of skills to practice, with help along the way</h2>\r\n<p class=\"MsoNormal\" style=\"margin: 0px 0px 9px; font-family: 'Helvetica Neue', Helvetica, Arial, sans-serif; font-size: 13px; line-height: 18px; color: #333333;\">Using Khan Academy,&nbsp;<a style=\"color: #0088cc; text-decoration: none;\" href=\"http://www.khanacademy.org/exercisedashboard\">Practice math at your own pace</a>&nbsp;with our adaptive assessment environment. You can start at 1+1 and work your way into calculus or jump right into whatever topic needs some brushing up.</p>\r\n<p class=\"MsoNormal\" style=\"margin: 0px 0px 9px; font-family: 'Helvetica Neue', Helvetica, Arial, sans-serif; font-size: 13px; line-height: 18px; color: #333333;\">Each problem is randomly generated, so you never run out of practice material.&nbsp;<strong>If you need a hint, every single problem can be broken down, step-by-step, with one click.</strong>&nbsp;If you need more help, you can always watch a related video</p>",
            "enable_comments": false
        }
    }, {
        "pk": 3,
        "model": "flatpages.flatpage",
        "fields": {
            "registration_required": false,
            "title": "Frequently Asked Questions",
            "url": "/faq/",
            "template_name": "",
            "sites": [1],
            "content": "<p>Coming soon ...</p>",
            "enable_comments": false
        }
    }, {
        "pk": 2,
        "model": "flatpages.flatpage",
        "fields": {
            "registration_required": false,
            "title": "Meet the Team",
            "url": "/team/",
            "template_name": "",
            "sites": [1],
            "content": "<h2 style=\"margin: 0px; font-family: 'Helvetica Neue', Helvetica, Arial, sans-serif; color: #333333; text-rendering: optimizelegibility; font-size: 24px; line-height: 36px;\">Team</h2>\r\n<p style=\"margin: 0px 0px 9px; font-family: 'Helvetica Neue', Helvetica, Arial, sans-serif; font-size: 13px; line-height: 18px; color: #333333;\"><strong>A focused team working on something big.</strong></p>\r\n<p style=\"margin: 0px 0px 9px; font-family: 'Helvetica Neue', Helvetica, Arial, sans-serif; font-size: 13px; line-height: 18px; color: #333333;\">We are just getting going but have infectious enthusiasm around having students enjoying learning more and around getting students better results in their education. &nbsp;Too many people around the world are stuck not being able to decide for themselves the quality of their education, or they are being forced to spend their learning time (i.e. school) in a way that doesn&rsquo;t give them the best and most productive setting for both having fun and enjoying the learning process. &nbsp;We think the technology exists today to fundamentally change this, so we are building the tools and resources we think every student should have at their fingertips.</p>\r\n<p style=\"margin: 0px 0px 9px; font-family: 'Helvetica Neue', Helvetica, Arial, sans-serif; font-size: 13px; line-height: 18px; color: #333333;\">We believe a few great people can change the world and the world of education. &nbsp;We are focused on hiring the very best &ndash; people who are enthusiastic, intelligent and creative. &nbsp;We believe it is our obligation to relentlessly keep connected to what learners need to achieve their education goals, and we make every decision with the learner, or student, in mind.</p>\r\n<h2 style=\"margin: 0px; font-family: 'Helvetica Neue', Helvetica, Arial, sans-serif; color: #333333; text-rendering: optimizelegibility; font-size: 24px; line-height: 36px;\"><strong>Meet The Team</strong></h2>\r\n<p style=\"margin: 0px 0px 9px; font-family: 'Helvetica Neue', Helvetica, Arial, sans-serif; font-size: 13px; line-height: 18px; color: #333333;\">Peter Kuperman, co-founder</p>\r\n<p style=\"margin: 0px 0px 9px; font-family: 'Helvetica Neue', Helvetica, Arial, sans-serif; font-size: 13px; line-height: 18px; color: #333333;\">Harsh Patel, co-founder</p>\r\n<p style=\"margin: 0px 0px 9px; font-family: 'Helvetica Neue', Helvetica, Arial, sans-serif; font-size: 13px; line-height: 18px; color: #333333;\">Muhammad Meigooni, co-founder</p>\r\n<p style=\"margin: 0px 0px 9px; font-family: 'Helvetica Neue', Helvetica, Arial, sans-serif; font-size: 13px; line-height: 18px; color: #333333;\">Mustefa Jo&rsquo;shen, co-founder</p>",
            "enable_comments": false
        }
    }, {
        "pk": 41,
        "model": "account.account",
        "fields": {
            "timezone": "US/Eastern",
            "user": 42,
            "language": "en-us"
        }
    }, {
        "pk": 42,
        "model": "account.account",
        "fields": {
            "timezone": "US/Eastern",
            "user": 43,
            "language": "en-us"
        }
    }, {
        "pk": 39,
        "model": "account.account",
        "fields": {
            "timezone": "US/Eastern",
            "user": 40,
            "language": "en-us"
        }
    }, {
        "pk": 40,
        "model": "account.account",
        "fields": {
            "timezone": "US/Eastern",
            "user": 41,
            "language": "en-us"
        }
    }, {
        "pk": 1,
        "model": "account.account",
        "fields": {
            "timezone": "US/Eastern",
            "user": 1,
            "language": "en-us"
        }
    }, {
        "pk": 2,
        "model": "account.account",
        "fields": {
            "timezone": "US/Eastern",
            "user": 2,
            "language": "en-us"
        }
    }, {
        "pk": 3,
        "model": "account.account",
        "fields": {
            "timezone": "US/Eastern",
            "user": 3,
            "language": "en-us"
        }
    }, {
        "pk": 4,
        "model": "account.account",
        "fields": {
            "timezone": "US/Eastern",
            "user": 4,
            "language": "en-us"
        }
    }, {
        "pk": 5,
        "model": "account.account",
        "fields": {
            "timezone": "US/Eastern",
            "user": 5,
            "language": "en-us"
        }
    }, {
        "pk": 6,
        "model": "account.account",
        "fields": {
            "timezone": "US/Eastern",
            "user": 6,
            "language": "en-us"
        }
    }, {
        "pk": 7,
        "model": "account.account",
        "fields": {
            "timezone": "US/Eastern",
            "user": 7,
            "language": "en-us"
        }
    }, {
        "pk": 8,
        "model": "account.account",
        "fields": {
            "timezone": "US/Eastern",
            "user": 9,
            "language": "en-us"
        }
    }, {
        "pk": 9,
        "model": "account.account",
        "fields": {
            "timezone": "US/Eastern",
            "user": 10,
            "language": "en-us"
        }
    }, {
        "pk": 10,
        "model": "account.account",
        "fields": {
            "timezone": "US/Eastern",
            "user": 11,
            "language": "en-us"
        }
    }, {
        "pk": 11,
        "model": "account.account",
        "fields": {
            "timezone": "US/Eastern",
            "user": 12,
            "language": "en-us"
        }
    }, {
        "pk": 12,
        "model": "account.account",
        "fields": {
            "timezone": "US/Eastern",
            "user": 13,
            "language": "en-us"
        }
    }, {
        "pk": 13,
        "model": "account.account",
        "fields": {
            "timezone": "US/Eastern",
            "user": 14,
            "language": "en-us"
        }
    }, {
        "pk": 14,
        "model": "account.account",
        "fields": {
            "timezone": "US/Eastern",
            "user": 15,
            "language": "en-us"
        }
    }, {
        "pk": 15,
        "model": "account.account",
        "fields": {
            "timezone": "US/Eastern",
            "user": 16,
            "language": "en-us"
        }
    }, {
        "pk": 16,
        "model": "account.account",
        "fields": {
            "timezone": "US/Eastern",
            "user": 17,
            "language": "en-us"
        }
    }, {
        "pk": 17,
        "model": "account.account",
        "fields": {
            "timezone": "US/Eastern",
            "user": 18,
            "language": "en-us"
        }
    }, {
        "pk": 18,
        "model": "account.account",
        "fields": {
            "timezone": "US/Eastern",
            "user": 19,
            "language": "en-us"
        }
    }, {
        "pk": 19,
        "model": "account.account",
        "fields": {
            "timezone": "US/Eastern",
            "user": 20,
            "language": "en-us"
        }
    }, {
        "pk": 20,
        "model": "account.account",
        "fields": {
            "timezone": "US/Eastern",
            "user": 21,
            "language": "en-us"
        }
    }, {
        "pk": 21,
        "model": "account.account",
        "fields": {
            "timezone": "US/Eastern",
            "user": 22,
            "language": "en-us"
        }
    }, {
        "pk": 22,
        "model": "account.account",
        "fields": {
            "timezone": "US/Eastern",
            "user": 23,
            "language": "en-us"
        }
    }, {
        "pk": 23,
        "model": "account.account",
        "fields": {
            "timezone": "US/Eastern",
            "user": 24,
            "language": "en-us"
        }
    }, {
        "pk": 24,
        "model": "account.account",
        "fields": {
            "timezone": "US/Eastern",
            "user": 25,
            "language": "en-us"
        }
    }, {
        "pk": 25,
        "model": "account.account",
        "fields": {
            "timezone": "US/Eastern",
            "user": 26,
            "language": "en-us"
        }
    }, {
        "pk": 26,
        "model": "account.account",
        "fields": {
            "timezone": "US/Eastern",
            "user": 27,
            "language": "en-us"
        }
    }, {
        "pk": 27,
        "model": "account.account",
        "fields": {
            "timezone": "US/Eastern",
            "user": 28,
            "language": "en-us"
        }
    }, {
        "pk": 28,
        "model": "account.account",
        "fields": {
            "timezone": "US/Eastern",
            "user": 29,
            "language": "en-us"
        }
    }, {
        "pk": 29,
        "model": "account.account",
        "fields": {
            "timezone": "US/Eastern",
            "user": 30,
            "language": "en-us"
        }
    }, {
        "pk": 30,
        "model": "account.account",
        "fields": {
            "timezone": "US/Eastern",
            "user": 31,
            "language": "en-us"
        }
    }, {
        "pk": 31,
        "model": "account.account",
        "fields": {
            "timezone": "US/Eastern",
            "user": 32,
            "language": "en-us"
        }
    }, {
        "pk": 32,
        "model": "account.account",
        "fields": {
            "timezone": "US/Eastern",
            "user": 33,
            "language": "en-us"
        }
    }, {
        "pk": 33,
        "model": "account.account",
        "fields": {
            "timezone": "US/Eastern",
            "user": 34,
            "language": "en-us"
        }
    }, {
        "pk": 34,
        "model": "account.account",
        "fields": {
            "timezone": "US/Eastern",
            "user": 35,
            "language": "en-us"
        }
    }, {
        "pk": 35,
        "model": "account.account",
        "fields": {
            "timezone": "US/Eastern",
            "user": 36,
            "language": "en-us"
        }
    }, {
        "pk": 36,
        "model": "account.account",
        "fields": {
            "timezone": "US/Eastern",
            "user": 37,
            "language": "en-us"
        }
    }, {
        "pk": 37,
        "model": "account.account",
        "fields": {
            "timezone": "US/Eastern",
            "user": 38,
            "language": "en-us"
        }
    }, {
        "pk": 38,
        "model": "account.account",
        "fields": {
            "timezone": "US/Eastern",
            "user": 39,
            "language": "en-us"
        }
    }, {
        "pk": 41,
        "model": "profiles.profile",
        "fields": {
            "website": null,
            "about": null,
            "location": null,
            "user": 42,
            "name": null
        }
    }, {
        "pk": 42,
        "model": "profiles.profile",
        "fields": {
            "website": null,
            "about": null,
            "location": null,
            "user": 43,
            "name": null
        }
    }, {
        "pk": 1,
        "model": "profiles.profile",
        "fields": {
            "website": null,
            "about": null,
            "location": null,
            "user": 1,
            "name": null
        }
    }, {
        "pk": 2,
        "model": "profiles.profile",
        "fields": {
            "website": null,
            "about": null,
            "location": null,
            "user": 2,
            "name": null
        }
    }, {
        "pk": 3,
        "model": "profiles.profile",
        "fields": {
            "website": null,
            "about": null,
            "location": null,
            "user": 3,
            "name": null
        }
    }, {
        "pk": 4,
        "model": "profiles.profile",
        "fields": {
            "website": null,
            "about": null,
            "location": null,
            "user": 4,
            "name": null
        }
    }, {
        "pk": 5,
        "model": "profiles.profile",
        "fields": {
            "website": null,
            "about": null,
            "location": null,
            "user": 5,
            "name": null
        }
    }, {
        "pk": 6,
        "model": "profiles.profile",
        "fields": {
            "website": null,
            "about": null,
            "location": null,
            "user": 6,
            "name": null
        }
    }, {
        "pk": 7,
        "model": "profiles.profile",
        "fields": {
            "website": null,
            "about": null,
            "location": null,
            "user": 7,
            "name": null
        }
    }, {
        "pk": 8,
        "model": "profiles.profile",
        "fields": {
            "website": null,
            "about": null,
            "location": null,
            "user": 9,
            "name": null
        }
    }, {
        "pk": 9,
        "model": "profiles.profile",
        "fields": {
            "website": null,
            "about": null,
            "location": null,
            "user": 10,
            "name": null
        }
    }, {
        "pk": 10,
        "model": "profiles.profile",
        "fields": {
            "website": null,
            "about": null,
            "location": null,
            "user": 11,
            "name": null
        }
    }, {
        "pk": 11,
        "model": "profiles.profile",
        "fields": {
            "website": null,
            "about": null,
            "location": null,
            "user": 12,
            "name": null
        }
    }, {
        "pk": 12,
        "model": "profiles.profile",
        "fields": {
            "website": null,
            "about": null,
            "location": null,
            "user": 13,
            "name": null
        }
    }, {
        "pk": 13,
        "model": "profiles.profile",
        "fields": {
            "website": null,
            "about": null,
            "location": null,
            "user": 14,
            "name": null
        }
    }, {
        "pk": 14,
        "model": "profiles.profile",
        "fields": {
            "website": null,
            "about": null,
            "location": null,
            "user": 15,
            "name": null
        }
    }, {
        "pk": 15,
        "model": "profiles.profile",
        "fields": {
            "website": null,
            "about": null,
            "location": null,
            "user": 16,
            "name": null
        }
    }, {
        "pk": 16,
        "model": "profiles.profile",
        "fields": {
            "website": null,
            "about": null,
            "location": null,
            "user": 17,
            "name": null
        }
    }, {
        "pk": 17,
        "model": "profiles.profile",
        "fields": {
            "website": null,
            "about": null,
            "location": null,
            "user": 18,
            "name": null
        }
    }, {
        "pk": 18,
        "model": "profiles.profile",
        "fields": {
            "website": null,
            "about": null,
            "location": null,
            "user": 19,
            "name": null
        }
    }, {
        "pk": 19,
        "model": "profiles.profile",
        "fields": {
            "website": null,
            "about": null,
            "location": null,
            "user": 20,
            "name": null
        }
    }, {
        "pk": 20,
        "model": "profiles.profile",
        "fields": {
            "website": null,
            "about": null,
            "location": null,
            "user": 21,
            "name": null
        }
    }, {
        "pk": 21,
        "model": "profiles.profile",
        "fields": {
            "website": null,
            "about": null,
            "location": null,
            "user": 22,
            "name": null
        }
    }, {
        "pk": 22,
        "model": "profiles.profile",
        "fields": {
            "website": null,
            "about": null,
            "location": null,
            "user": 23,
            "name": null
        }
    }, {
        "pk": 23,
        "model": "profiles.profile",
        "fields": {
            "website": null,
            "about": null,
            "location": null,
            "user": 24,
            "name": null
        }
    }, {
        "pk": 24,
        "model": "profiles.profile",
        "fields": {
            "website": null,
            "about": null,
            "location": null,
            "user": 25,
            "name": null
        }
    }, {
        "pk": 25,
        "model": "profiles.profile",
        "fields": {
            "website": null,
            "about": null,
            "location": null,
            "user": 26,
            "name": null
        }
    }, {
        "pk": 26,
        "model": "profiles.profile",
        "fields": {
            "website": null,
            "about": null,
            "location": null,
            "user": 27,
            "name": null
        }
    }, {
        "pk": 27,
        "model": "profiles.profile",
        "fields": {
            "website": null,
            "about": null,
            "location": null,
            "user": 28,
            "name": null
        }
    }, {
        "pk": 28,
        "model": "profiles.profile",
        "fields": {
            "website": null,
            "about": null,
            "location": null,
            "user": 29,
            "name": null
        }
    }, {
        "pk": 29,
        "model": "profiles.profile",
        "fields": {
            "website": null,
            "about": null,
            "location": null,
            "user": 30,
            "name": null
        }
    }, {
        "pk": 30,
        "model": "profiles.profile",
        "fields": {
            "website": null,
            "about": null,
            "location": null,
            "user": 31,
            "name": null
        }
    }, {
        "pk": 31,
        "model": "profiles.profile",
        "fields": {
            "website": null,
            "about": null,
            "location": null,
            "user": 32,
            "name": null
        }
    }, {
        "pk": 32,
        "model": "profiles.profile",
        "fields": {
            "website": null,
            "about": null,
            "location": null,
            "user": 33,
            "name": null
        }
    }, {
        "pk": 33,
        "model": "profiles.profile",
        "fields": {
            "website": null,
            "about": null,
            "location": null,
            "user": 34,
            "name": null
        }
    }, {
        "pk": 34,
        "model": "profiles.profile",
        "fields": {
            "website": null,
            "about": null,
            "location": null,
            "user": 35,
            "name": null
        }
    }, {
        "pk": 35,
        "model": "profiles.profile",
        "fields": {
            "website": null,
            "about": null,
            "location": null,
            "user": 36,
            "name": null
        }
    }, {
        "pk": 36,
        "model": "profiles.profile",
        "fields": {
            "website": null,
            "about": null,
            "location": null,
            "user": 37,
            "name": null
        }
    }, {
        "pk": 37,
        "model": "profiles.profile",
        "fields": {
            "website": null,
            "about": null,
            "location": null,
            "user": 38,
            "name": null
        }
    }, {
        "pk": 38,
        "model": "profiles.profile",
        "fields": {
            "website": null,
            "about": null,
            "location": null,
            "user": 39,
            "name": null
        }
    }, {
        "pk": 39,
        "model": "profiles.profile",
        "fields": {
            "website": null,
            "about": null,
            "location": null,
            "user": 40,
            "name": null
        }
    }, {
        "pk": 40,
        "model": "profiles.profile",
        "fields": {
            "website": null,
            "about": null,
            "location": null,
            "user": 41,
            "name": null
        }
    }, {
        "pk": 41,
        "model": "schools.userprofile",
        "fields": {
            "home_address": "",
            "access_token": null,
            "default_school": 1,
            "user": 43,
            "khan_user_id": null,
            "personal_url": ""
        }
    }, {
        "pk": 14,
        "model": "schools.userprofile",
        "fields": {
            "home_address": "",
            "access_token": null,
            "default_school": 6,
            "user": 15,
            "khan_user_id": null,
            "personal_url": ""
        }
    }, {
        "pk": 15,
        "model": "schools.userprofile",
        "fields": {
            "home_address": "",
            "access_token": "oauth_token_secret=8L2rQqfPp7vCEAVz&oauth_token=HUa88vHp5Lw5rxw9",
            "default_school": 6,
            "user": 16,
            "khan_user_id": null,
            "personal_url": ""
        }
    }, {
        "pk": 16,
        "model": "schools.userprofile",
        "fields": {
            "home_address": "",
            "access_token": "oauth_token_secret=6zz53bYcqfkkTcJA&oauth_token=HNWyXEZEtWdFXrJH",
            "default_school": 6,
            "user": 17,
            "khan_user_id": null,
            "personal_url": ""
        }
    }, {
        "pk": 17,
        "model": "schools.userprofile",
        "fields": {
            "home_address": "",
            "access_token": null,
            "default_school": null,
            "user": 18,
            "khan_user_id": null,
            "personal_url": ""
        }
    }, {
        "pk": 18,
        "model": "schools.userprofile",
        "fields": {
            "home_address": "",
            "access_token": "oauth_token_secret=DzXqpCt2WeGKT8mw&oauth_token=cf43APN29jw4xEDb",
            "default_school": 6,
            "user": 19,
            "khan_user_id": null,
            "personal_url": ""
        }
    }, {
        "pk": 19,
        "model": "schools.userprofile",
        "fields": {
            "home_address": "",
            "access_token": "oauth_token_secret=rHsxMR7eZAKJdyED&oauth_token=aXWHF8yE3hEv9H2s",
            "default_school": 6,
            "user": 20,
            "khan_user_id": null,
            "personal_url": ""
        }
    }, {
        "pk": 20,
        "model": "schools.userprofile",
        "fields": {
            "home_address": "",
            "access_token": "oauth_token_secret=Ty3GYfDAqUHjrwAK&oauth_token=xZmmVHTDX9nrrM5K",
            "default_school": 6,
            "user": 21,
            "khan_user_id": null,
            "personal_url": ""
        }
    }, {
        "pk": 21,
        "model": "schools.userprofile",
        "fields": {
            "home_address": "",
            "access_token": "oauth_token_secret=B7YKxTax6NnENpKs&oauth_token=3K2rLtAsJPVEp5ND",
            "default_school": 6,
            "user": 22,
            "khan_user_id": null,
            "personal_url": ""
        }
    }, {
        "pk": 22,
        "model": "schools.userprofile",
        "fields": {
            "home_address": "",
            "access_token": null,
            "default_school": 6,
            "user": 23,
            "khan_user_id": null,
            "personal_url": ""
        }
    }, {
        "pk": 23,
        "model": "schools.userprofile",
        "fields": {
            "home_address": "",
            "access_token": null,
            "default_school": null,
            "user": 24,
            "khan_user_id": null,
            "personal_url": ""
        }
    }, {
        "pk": 24,
        "model": "schools.userprofile",
        "fields": {
            "home_address": "",
            "access_token": "oauth_token_secret=mHfbMaxg8ZVRQwHX&oauth_token=SadbPCm2wDmCeA9a",
            "default_school": 6,
            "user": 25,
            "khan_user_id": null,
            "personal_url": ""
        }
    }, {
        "pk": 25,
        "model": "schools.userprofile",
        "fields": {
            "home_address": "",
            "access_token": null,
            "default_school": null,
            "user": 26,
            "khan_user_id": null,
            "personal_url": ""
        }
    }, {
        "pk": 26,
        "model": "schools.userprofile",
        "fields": {
            "home_address": "",
            "access_token": "oauth_token_secret=ac55hC6hgpCd3wGe&oauth_token=crVqQtd7Q3am4rjR",
            "default_school": 6,
            "user": 27,
            "khan_user_id": null,
            "personal_url": ""
        }
    }, {
        "pk": 27,
        "model": "schools.userprofile",
        "fields": {
            "home_address": "",
            "access_token": null,
            "default_school": null,
            "user": 28,
            "khan_user_id": null,
            "personal_url": ""
        }
    }, {
        "pk": 28,
        "model": "schools.userprofile",
        "fields": {
            "home_address": "",
            "access_token": null,
            "default_school": null,
            "user": 29,
            "khan_user_id": null,
            "personal_url": ""
        }
    }, {
        "pk": 29,
        "model": "schools.userprofile",
        "fields": {
            "home_address": "",
            "access_token": "oauth_token_secret=YJfPMBqLNsMs5BrB&oauth_token=LNYWH5fkPgXELHB5",
            "default_school": 6,
            "user": 30,
            "khan_user_id": null,
            "personal_url": ""
        }
    }, {
        "pk": 30,
        "model": "schools.userprofile",
        "fields": {
            "home_address": "",
            "access_token": null,
            "default_school": null,
            "user": 31,
            "khan_user_id": null,
            "personal_url": ""
        }
    }, {
        "pk": 31,
        "model": "schools.userprofile",
        "fields": {
            "home_address": "",
            "access_token": null,
            "default_school": null,
            "user": 32,
            "khan_user_id": null,
            "personal_url": ""
        }
    }, {
        "pk": 32,
        "model": "schools.userprofile",
        "fields": {
            "home_address": "",
            "access_token": "oauth_token_secret=NCjf54ffA7e2GXQ7&oauth_token=nb7DU3n2YNL7Qv6a",
            "default_school": 6,
            "user": 33,
            "khan_user_id": null,
            "personal_url": ""
        }
    }, {
        "pk": 33,
        "model": "schools.userprofile",
        "fields": {
            "home_address": "",
            "access_token": "oauth_token_secret=pwfe8jCAQuY5amDm&oauth_token=nc69exQxs8cVdx37",
            "default_school": 6,
            "user": 34,
            "khan_user_id": null,
            "personal_url": ""
        }
    }, {
        "pk": 34,
        "model": "schools.userprofile",
        "fields": {
            "home_address": "",
            "access_token": "oauth_token_secret=mYDRW4zKp6JLbyHu&oauth_token=tHxSumrjW4pkae86",
            "default_school": 6,
            "user": 35,
            "khan_user_id": null,
            "personal_url": ""
        }
    }, {
        "pk": 35,
        "model": "schools.userprofile",
        "fields": {
            "home_address": "",
            "access_token": "oauth_token_secret=cVrVRW25Zh5y96zm&oauth_token=THKW4HmGNyYhnaTG",
            "default_school": 6,
            "user": 36,
            "khan_user_id": null,
            "personal_url": ""
        }
    }, {
        "pk": 36,
        "model": "schools.userprofile",
        "fields": {
            "home_address": "",
            "access_token": null,
            "default_school": null,
            "user": 37,
            "khan_user_id": null,
            "personal_url": ""
        }
    }, {
        "pk": 37,
        "model": "schools.userprofile",
        "fields": {
            "home_address": "",
            "access_token": "oauth_token_secret=Avh4RNH2gHn2aHXu&oauth_token=GLqQWGWxUvFdapH2",
            "default_school": 6,
            "user": 38,
            "khan_user_id": null,
            "personal_url": ""
        }
    }, {
        "pk": 38,
        "model": "schools.userprofile",
        "fields": {
            "home_address": "",
            "access_token": "oauth_token_secret=nx8rQpm7mzuP8hrh&oauth_token=J6wB76X2SswAnBxj",
            "default_school": 6,
            "user": 39,
            "khan_user_id": null,
            "personal_url": ""
        }
    }, {
        "pk": 39,
        "model": "schools.userprofile",
        "fields": {
            "home_address": "",
            "access_token": null,
            "default_school": 6,
            "user": 40,
            "khan_user_id": null,
            "personal_url": ""
        }
    }, {
        "pk": 40,
        "model": "schools.userprofile",
        "fields": {
            "home_address": "",
            "access_token": null,
            "default_school": null,
            "user": 41,
            "khan_user_id": null,
            "personal_url": ""
        }
    }, {
        "pk": 1,
        "model": "schools.userprofile",
        "fields": {
            "home_address": "",
            "access_token": null,
            "default_school": 6,
            "user": 1,
            "khan_user_id": null,
            "personal_url": ""
        }
    }, {
        "pk": 2,
        "model": "schools.userprofile",
        "fields": {
            "home_address": "",
            "access_token": "oauth_token_secret=EHYksgtRvRE4T5KP&oauth_token=yLxWyWjwKq5rsEQ4",
            "default_school": 1,
            "user": 2,
            "khan_user_id": null,
            "personal_url": ""
        }
    }, {
        "pk": 3,
        "model": "schools.userprofile",
        "fields": {
            "home_address": "",
            "access_token": null,
            "default_school": null,
            "user": 3,
            "khan_user_id": null,
            "personal_url": ""
        }
    }, {
        "pk": 4,
        "model": "schools.userprofile",
        "fields": {
            "home_address": "",
            "access_token": null,
            "default_school": null,
            "user": 4,
            "khan_user_id": null,
            "personal_url": ""
        }
    }, {
        "pk": 5,
        "model": "schools.userprofile",
        "fields": {
            "home_address": "",
            "access_token": null,
            "default_school": null,
            "user": 5,
            "khan_user_id": null,
            "personal_url": ""
        }
    }, {
        "pk": 6,
        "model": "schools.userprofile",
        "fields": {
            "home_address": "",
            "access_token": null,
            "default_school": null,
            "user": 6,
            "khan_user_id": null,
            "personal_url": ""
        }
    }, {
        "pk": 7,
        "model": "schools.userprofile",
        "fields": {
            "home_address": "",
            "access_token": null,
            "default_school": null,
            "user": 7,
            "khan_user_id": null,
            "personal_url": ""
        }
    }, {
        "pk": 8,
        "model": "schools.userprofile",
        "fields": {
            "home_address": "",
            "access_token": "oauth_token_secret=sZ45dKtCKEdBKXwJ&oauth_token=RG4eAQ59agXnMWPM",
            "default_school": 6,
            "user": 9,
            "khan_user_id": null,
            "personal_url": ""
        }
    }, {
        "pk": 9,
        "model": "schools.userprofile",
        "fields": {
            "home_address": "",
            "access_token": "oauth_token_secret=BHEQKuMHRFzHZ5w2&oauth_token=EZDaS7CSg4d9RayH",
            "default_school": 6,
            "user": 10,
            "khan_user_id": null,
            "personal_url": ""
        }
    }, {
        "pk": 10,
        "model": "schools.userprofile",
        "fields": {
            "home_address": "",
            "access_token": "oauth_token_secret=UcKSdWgExEDBW8XY&oauth_token=Nvy4KnrzXEPWmxEv",
            "default_school": 6,
            "user": 11,
            "khan_user_id": null,
            "personal_url": ""
        }
    }, {
        "pk": 11,
        "model": "schools.userprofile",
        "fields": {
            "home_address": "",
            "access_token": "oauth_token_secret=jYLBKTNhRBneSUE9&oauth_token=h4tU6HATh66Wnufn",
            "default_school": 6,
            "user": 12,
            "khan_user_id": null,
            "personal_url": ""
        }
    }, {
        "pk": 12,
        "model": "schools.userprofile",
        "fields": {
            "home_address": "",
            "access_token": null,
            "default_school": null,
            "user": 13,
            "khan_user_id": null,
            "personal_url": ""
        }
    }, {
        "pk": 13,
        "model": "schools.userprofile",
        "fields": {
            "home_address": "",
            "access_token": "oauth_token_secret=zmMy8HZSYEV6NeUg&oauth_token=mFJHwR6sk6qGvjgb",
            "default_school": 6,
            "user": 14,
            "khan_user_id": null,
            "personal_url": ""
        }
    }, {
        "pk": 1,
        "model": "schools.challenge",
        "fields": {
            "classroom": 7,
            "challenge_name": "Basic Math"
        }
    }, {
        "pk": 1,
        "model": "schools.groupchallenge",
        "fields": {
            "classroom_team": 8,
            "challenge": 1
        }
    }, {
        "pk": 2,
        "model": "schools.groupchallenge",
        "fields": {
            "classroom_team": 9,
            "challenge": 1
        }
    }, {
        "pk": 3,
        "model": "schools.groupchallenge",
        "fields": {
            "classroom_team": 10,
            "challenge": 1
        }
    }, {
        "pk": 4,
        "model": "schools.groupchallenge",
        "fields": {
            "classroom_team": 11,
            "challenge": 1
        }
    }, {
        "pk": 5,
        "model": "schools.groupchallenge",
        "fields": {
            "classroom_team": 12,
            "challenge": 1
        }
    }, {
        "pk": 6,
        "model": "schools.groupchallenge",
        "fields": {
            "classroom_team": 13,
            "challenge": 1
        }
    }, {
        "pk": 7,
        "model": "schools.groupchallenge",
        "fields": {
            "classroom_team": 14,
            "challenge": 1
        }
    }, {
        "pk": 8,
        "model": "schools.groupchallenge",
        "fields": {
            "classroom_team": 15,
            "challenge": 1
        }
    }, {
        "pk": 9,
        "model": "schools.groupchallenge",
        "fields": {
            "classroom_team": 16,
            "challenge": 1
        }
    }, {
        "pk": 10,
        "model": "schools.groupchallenge",
        "fields": {
            "classroom_team": 17,
            "challenge": 1
        }
    }, {
        "pk": 11,
        "model": "schools.groupchallenge",
        "fields": {
            "classroom_team": 18,
            "challenge": 1
        }
    }, {
        "pk": 12,
        "model": "schools.groupchallenge",
        "fields": {
            "classroom_team": 19,
            "challenge": 1
        }
    }, {
        "pk": 1,
        "model": "schools.challengeexercise",
        "fields": {
            "exercise_name": "Addition 1",
            "challenge": 1,
            "exercise_url": "http://www.khanacademy.org/exercise/addition_1",
            "exercise_description": ""
        }
    }, {
        "pk": 2,
        "model": "schools.challengeexercise",
        "fields": {
            "exercise_name": "Addition 2",
            "challenge": 1,
            "exercise_url": "http://www.khanacademy.org/exercise/addition_2",
            "exercise_description": ""
        }
    }, {
        "pk": 3,
        "model": "schools.challengeexercise",
        "fields": {
            "exercise_name": "Subtraction 1",
            "challenge": 1,
            "exercise_url": "http://www.khanacademy.org/exercise/subtraction_1",
            "exercise_description": ""
        }
    }, {
        "pk": 1,
        "model": "whiteboard.whiteboardsession",
        "fields": {
            "whiteboard_url": "https://knetwork.tutortrove.com/api_v1/SSO/whiteboard?oauth_body_hash=2jmj7l5rSw0yVb%2FvlWAYkK%2FYBwk%3D&whiteboard_hash=urplVGRBGlBY2Do61ilMkqih5DREEnjXQaIYrcil&user_id=TNlwY9LOlNtv4g4Tka9EzhxXyGhzXBbNXoVs3eNo&oauth_nonce=80765350&oauth_timestamp=1337568160&oauth_consumer_key=152&oauth_signature_method=HMAC-SHA1&user_type=tutor&oauth_version=1.0&whiteboard_title=math+help&oauth_signature=iqR%2F87sxh%2B6p7hhTRiRly94g%2B4s%3D&user_name=bsmith",
            "date_modified": "2012-05-20 22:42:41",
            "whiteboard_hash": "urplVGRBGlBY2Do61ilMkqih5DREEnjXQaIYrcil",
            "whiteboard_title": "math help",
            "date_created": "2012-05-20 22:42:41"
        }
    }, {
        "pk": 15,
        "model": "auth.group",
        "fields": {
            "name": "team.class.class.7.Patel 8th.C's in C.school.POCS",
            "permissions": []
        }
    }, {
        "pk": 8,
        "model": "auth.group",
        "fields": {
            "name": "team.class.class.7.PCMOmar E. Torres Charter School",
            "permissions": []
        }
    }, {
        "pk": 16,
        "model": "auth.group",
        "fields": {
            "name": "team.class.class.7.Patel 8th.Fast 3.school.POCS",
            "permissions": []
        }
    }, {
        "pk": 12,
        "model": "auth.group",
        "fields": {
            "name": "team.class.class.7.Patel 8th.Bubbles.school.POCS",
            "permissions": []
        }
    }, {
        "pk": 18,
        "model": "auth.group",
        "fields": {
            "name": "team.class.class.7.Patel 8th.Leslies.school.POCS",
            "permissions": []
        }
    }, {
        "pk": 19,
        "model": "auth.group",
        "fields": {
            "name": "team.class.class.7.Patel 8th.Math Killa.school.POCS",
            "permissions": []
        }
    }, {
        "pk": 10,
        "model": "auth.group",
        "fields": {
            "name": "team.class.class.7.Patel 8th.YOLO.school.POCS",
            "permissions": []
        }
    }, {
        "pk": 1,
        "model": "auth.group",
        "fields": {
            "name": "school.Glenwood",
            "permissions": []
        }
    }, {
        "pk": 11,
        "model": "auth.group",
        "fields": {
            "name": "team.class.class.7.Patel 8th.UE.school.POCS",
            "permissions": []
        }
    }, {
        "pk": 9,
        "model": "auth.group",
        "fields": {
            "name": "team.class.class.7.Patel 8th.SAMF.school.POCS",
            "permissions": []
        }
    }, {
        "pk": 14,
        "model": "auth.group",
        "fields": {
            "name": "team.class.class.7.Patel 8th.Bulls.school.POCS",
            "permissions": []
        }
    }, {
        "pk": 13,
        "model": "auth.group",
        "fields": {
            "name": "team.class.class.7.Patel 8th.Wolves.school.POCS",
            "permissions": []
        }
    }, {
        "pk": 17,
        "model": "auth.group",
        "fields": {
            "name": "team.class.class.7.Patel 8th.Geek Squad.school.POCS",
            "permissions": []
        }
    }, {
        "pk": 2,
        "model": "auth.group",
        "fields": {
            "name": "school.ITT Tech",
            "permissions": []
        }
    }, {
        "pk": 3,
        "model": "auth.group",
        "fields": {
            "name": "class.Earth Science",
            "permissions": []
        }
    }, {
        "pk": 4,
        "model": "auth.group",
        "fields": {
            "name": "class.Math 101",
            "permissions": []
        }
    }, {
        "pk": 5,
        "model": "auth.group",
        "fields": {
            "name": "class.2.Math 101",
            "permissions": []
        }
    }, {
        "pk": 6,
        "model": "auth.group",
        "fields": {
            "name": "school.POCS",
            "permissions": []
        }
    }, {
        "pk": 7,
        "model": "auth.group",
        "fields": {
            "name": "class.7.Patel 8th",
            "permissions": []
        }
    }, {
        "pk": 9,
        "model": "auth.user",
        "fields": {
            "username": "aaco",
            "first_name": "Ashley",
            "last_name": "Aco",
            "is_active": true,
            "is_superuser": false,
            "is_staff": false,
            "last_login": "2012-05-03 20:44:06",
            "groups": [15, 8, 6, 7],
            "user_permissions": [],
            "password": "sha1$0272b$df1c16ee5163051e4e2c83b336ecbec17b7aa1ed",
            "email": "noemail@noemail.com",
            "date_joined": "2012-05-03 20:44:06"
        }
    }, {
        "pk": 10,
        "model": "auth.user",
        "fields": {
            "username": "vbustos",
            "first_name": "Vicente",
            "last_name": "Bustos",
            "is_active": true,
            "is_superuser": false,
            "is_staff": false,
            "last_login": "2012-05-03 20:44:06",
            "groups": [14, 6, 7],
            "user_permissions": [],
            "password": "sha1$0272b$df1c16ee5163051e4e2c83b336ecbec17b7aa1ed",
            "email": "noemail@noemail.com",
            "date_joined": "2012-05-03 20:44:06"
        }
    }, {
        "pk": 11,
        "model": "auth.user",
        "fields": {
            "username": "lcavada",
            "first_name": "Leslie",
            "last_name": "Cavada",
            "is_active": true,
            "is_superuser": false,
            "is_staff": false,
            "last_login": "2012-05-03 20:44:06",
            "groups": [18, 6, 7],
            "user_permissions": [],
            "password": "sha1$0272b$df1c16ee5163051e4e2c83b336ecbec17b7aa1ed",
            "email": "noemail@noemail.com",
            "date_joined": "2012-05-03 20:44:06"
        }
    }, {
        "pk": 12,
        "model": "auth.user",
        "fields": {
            "username": "vchavez",
            "first_name": "Viri",
            "last_name": "Chavez",
            "is_active": true,
            "is_superuser": false,
            "is_staff": false,
            "last_login": "2012-05-03 20:44:06",
            "groups": [15, 6, 7],
            "user_permissions": [],
            "password": "sha1$0272b$df1c16ee5163051e4e2c83b336ecbec17b7aa1ed",
            "email": "noemail@noemail.com",
            "date_joined": "2012-05-03 20:44:06"
        }
    }, {
        "pk": 13,
        "model": "auth.user",
        "fields": {
            "username": "ldavila",
            "first_name": "Luke",
            "last_name": "Davila",
            "is_active": true,
            "is_superuser": false,
            "is_staff": false,
            "last_login": "2012-03-25 14:20:57",
            "groups": [13, 6, 7],
            "user_permissions": [],
            "password": "sha1$0272b$df1c16ee5163051e4e2c83b336ecbec17b7aa1ed",
            "email": "noemail@noemail.com",
            "date_joined": "2012-03-25 14:20:57"
        }
    }, {
        "pk": 23,
        "model": "auth.user",
        "fields": {
            "username": "aleon",
            "first_name": "Alexa",
            "last_name": "Leon",
            "is_active": true,
            "is_superuser": false,
            "is_staff": false,
            "last_login": "2012-03-25 14:20:57",
            "groups": [19, 6, 7],
            "user_permissions": [],
            "password": "sha1$0272b$df1c16ee5163051e4e2c83b336ecbec17b7aa1ed",
            "email": "noemail@noemail.com",
            "date_joined": "2012-03-25 14:20:57"
        }
    }, {
        "pk": 1,
        "model": "auth.user",
        "fields": {
            "username": "admin",
            "first_name": "Test",
            "last_name": "Admin",
            "is_active": true,
            "is_superuser": true,
            "is_staff": true,
            "last_login": "2012-05-03 20:44:06",
            "groups": [],
            "user_permissions": [],
            "password": "sha1$0272b$df1c16ee5163051e4e2c83b336ecbec17b7aa1ed",
            "email": "admin@theknetwork.org",
            "date_joined": "2012-05-03 20:44:06"
        }
    }, {
        "pk": 2,
        "model": "auth.user",
        "fields": {
            "username": "bsmith",
            "first_name": "Bobby",
            "last_name": "Smith",
            "is_active": true,
            "is_superuser": false,
            "is_staff": false,
            "last_login": "2012-05-03 20:44:06",
            "groups": [1, 3, 4],
            "user_permissions": [],
            "password": "sha1$0272b$df1c16ee5163051e4e2c83b336ecbec17b7aa1ed",
            "email": "noemail@noemail.com",
            "date_joined": "2012-05-03 20:44:06"
        }
    }, {
        "pk": 3,
        "model": "auth.user",
        "fields": {
            "username": "pkuperman",
            "first_name": "Peter",
            "last_name": "Kuperman",
            "is_active": true,
            "is_superuser": false,
            "is_staff": true,
            "last_login": "2012-05-03 20:44:06",
            "groups": [1, 3, 2, 5, 4],
            "user_permissions": [],
            "password": "sha1$0272b$df1c16ee5163051e4e2c83b336ecbec17b7aa1ed",
            "email": "pkuperman@theknetwork.org",
            "date_joined": "2012-05-03 20:44:06"
        }
    }, {
        "pk": 43,
        "model": "auth.user",
        "fields": {
            "username": "testy",
            "first_name": "",
            "last_name": "",
            "is_active": true,
            "is_superuser": false,
            "is_staff": false,
            "last_login": "2012-05-18 20:33:52",
            "groups": [1, 3, 4],
            "user_permissions": [],
            "password": "sha1$16215$529a4637ca2f4dbdfe452fff7b8b4ca729e2381c",
            "email": "",
            "date_joined": "2012-05-18 20:33:52"
        }
    }, {
        "pk": 4,
        "model": "auth.user",
        "fields": {
            "username": "mjoshen",
            "first_name": "Mustefa",
            "last_name": "Jo'shen",
            "is_active": true,
            "is_superuser": false,
            "is_staff": true,
            "last_login": "2012-05-03 20:44:06",
            "groups": [1, 3, 2, 5, 4],
            "user_permissions": [],
            "password": "sha1$0272b$df1c16ee5163051e4e2c83b336ecbec17b7aa1ed",
            "email": "mustefa@theknetwork.org",
            "date_joined": "2012-05-03 20:44:06"
        }
    }, {
        "pk": 5,
        "model": "auth.user",
        "fields": {
            "username": "ccoy",
            "first_name": "Chris",
            "last_name": "Coy",
            "is_active": true,
            "is_superuser": false,
            "is_staff": true,
            "last_login": "2012-05-03 20:44:06",
            "groups": [],
            "user_permissions": [],
            "password": "pbkdf2_sha256$10000$eNdulk9BdifU$n9ZL4zlxXIRDns5qBeiMJJ4ckgWUB8KbJoBVPGINiNc=",
            "email": "chris@theknetwork.org",
            "date_joined": "2012-05-03 20:44:06"
        }
    }, {
        "pk": 6,
        "model": "auth.user",
        "fields": {
            "username": "teacher1",
            "first_name": "Teacher",
            "last_name": "One",
            "is_active": true,
            "is_superuser": false,
            "is_staff": false,
            "last_login": "2012-05-03 20:44:06",
            "groups": [1, 3, 4],
            "user_permissions": [],
            "password": "sha1$0272b$df1c16ee5163051e4e2c83b336ecbec17b7aa1ed",
            "email": "admin@theknetwork.org",
            "date_joined": "2012-05-03 20:44:06"
        }
    }, {
        "pk": 42,
        "model": "auth.user",
        "fields": {
            "username": "peterk",
            "first_name": "",
            "last_name": "",
            "is_active": true,
            "is_superuser": false,
            "is_staff": false,
            "last_login": "2012-05-18 10:39:31",
            "groups": [],
            "user_permissions": [],
            "password": "sha1$8711b$9b370fad0df9e39edc2113b87792352862a18e46",
            "email": "",
            "date_joined": "2012-05-18 10:39:30"
        }
    }, {
        "pk": 7,
        "model": "auth.user",
        "fields": {
            "username": "teacher2",
            "first_name": "Teacher",
            "last_name": "Two",
            "is_active": true,
            "is_superuser": false,
            "is_staff": false,
            "last_login": "2012-05-03 20:44:06",
            "groups": [2, 5],
            "user_permissions": [],
            "password": "sha1$0272b$df1c16ee5163051e4e2c83b336ecbec17b7aa1ed",
            "email": "admin@theknetwork.org",
            "date_joined": "2012-05-03 20:44:06"
        }
    }, {
        "pk": 14,
        "model": "auth.user",
        "fields": {
            "username": "ldiaz",
            "first_name": "Leslie",
            "last_name": "Diaz",
            "is_active": true,
            "is_superuser": false,
            "is_staff": false,
            "last_login": "2012-03-25 14:20:57",
            "groups": [18, 6, 7],
            "user_permissions": [],
            "password": "sha1$0272b$df1c16ee5163051e4e2c83b336ecbec17b7aa1ed",
            "email": "noemail@noemail.com",
            "date_joined": "2012-03-25 14:20:57"
        }
    }, {
        "pk": 15,
        "model": "auth.user",
        "fields": {
            "username": "aestrada",
            "first_name": "Aldini",
            "last_name": "Estrada",
            "is_active": true,
            "is_superuser": false,
            "is_staff": false,
            "last_login": "2012-03-25 14:20:57",
            "groups": [17, 6, 7],
            "user_permissions": [],
            "password": "sha1$0272b$df1c16ee5163051e4e2c83b336ecbec17b7aa1ed",
            "email": "noemail@noemail.com",
            "date_joined": "2012-03-25 14:20:57"
        }
    }, {
        "pk": 16,
        "model": "auth.user",
        "fields": {
            "username": "sgalicia",
            "first_name": "Stephanie",
            "last_name": "Galicia",
            "is_active": true,
            "is_superuser": false,
            "is_staff": false,
            "last_login": "2012-03-25 14:20:57",
            "groups": [10, 6, 7],
            "user_permissions": [],
            "password": "sha1$0272b$df1c16ee5163051e4e2c83b336ecbec17b7aa1ed",
            "email": "noemail@noemail.com",
            "date_joined": "2012-03-25 14:20:57"
        }
    }, {
        "pk": 17,
        "model": "auth.user",
        "fields": {
            "username": "dguevera",
            "first_name": "Daisy",
            "last_name": "Guevera",
            "is_active": true,
            "is_superuser": false,
            "is_staff": false,
            "last_login": "2012-03-25 14:20:57",
            "groups": [12, 6, 7],
            "user_permissions": [],
            "password": "sha1$0272b$df1c16ee5163051e4e2c83b336ecbec17b7aa1ed",
            "email": "noemail@noemail.com",
            "date_joined": "2012-03-25 14:20:57"
        }
    }, {
        "pk": 18,
        "model": "auth.user",
        "fields": {
            "username": "vgutierrez",
            "first_name": "Vanessa",
            "last_name": "Gutierrez",
            "is_active": true,
            "is_superuser": false,
            "is_staff": false,
            "last_login": "2012-03-25 14:20:57",
            "groups": [8, 6, 7],
            "user_permissions": [],
            "password": "sha1$0272b$df1c16ee5163051e4e2c83b336ecbec17b7aa1ed",
            "email": "noemail@noemail.com",
            "date_joined": "2012-03-25 14:20:57"
        }
    }, {
        "pk": 19,
        "model": "auth.user",
        "fields": {
            "username": "jgutierrez",
            "first_name": "Juan",
            "last_name": "Gutierrez",
            "is_active": true,
            "is_superuser": false,
            "is_staff": false,
            "last_login": "2012-03-25 14:20:57",
            "groups": [14, 6, 7],
            "user_permissions": [],
            "password": "sha1$0272b$df1c16ee5163051e4e2c83b336ecbec17b7aa1ed",
            "email": "noemail@noemail.com",
            "date_joined": "2012-03-25 14:20:57"
        }
    }, {
        "pk": 20,
        "model": "auth.user",
        "fields": {
            "username": "alhernandez",
            "first_name": "Alexis",
            "last_name": "Hernandez",
            "is_active": true,
            "is_superuser": false,
            "is_staff": false,
            "last_login": "2012-03-25 14:20:57",
            "groups": [10, 6, 7],
            "user_permissions": [],
            "password": "sha1$0272b$df1c16ee5163051e4e2c83b336ecbec17b7aa1ed",
            "email": "noemail@noemail.com",
            "date_joined": "2012-03-25 14:20:57"
        }
    }, {
        "pk": 21,
        "model": "auth.user",
        "fields": {
            "username": "ashernandez",
            "first_name": "Alexis (Salma)",
            "last_name": "Hernandez",
            "is_active": true,
            "is_superuser": false,
            "is_staff": false,
            "last_login": "2012-03-25 14:20:57",
            "groups": [15, 6, 7],
            "user_permissions": [],
            "password": "sha1$0272b$df1c16ee5163051e4e2c83b336ecbec17b7aa1ed",
            "email": "noemail@noemail.com",
            "date_joined": "2012-03-25 14:20:57"
        }
    }, {
        "pk": 22,
        "model": "auth.user",
        "fields": {
            "username": "mjimenez",
            "first_name": "Maria",
            "last_name": "Jimenez",
            "is_active": true,
            "is_superuser": false,
            "is_staff": false,
            "last_login": "2012-03-25 14:20:57",
            "groups": [16, 6, 7],
            "user_permissions": [],
            "password": "sha1$0272b$df1c16ee5163051e4e2c83b336ecbec17b7aa1ed",
            "email": "noemail@noemail.com",
            "date_joined": "2012-03-25 14:20:57"
        }
    }, {
        "pk": 24,
        "model": "auth.user",
        "fields": {
            "username": "cmartinez",
            "first_name": "Cesar",
            "last_name": "Martinez",
            "is_active": true,
            "is_superuser": false,
            "is_staff": false,
            "last_login": "2012-03-25 14:20:57",
            "groups": [19, 6, 7],
            "user_permissions": [],
            "password": "sha1$0272b$df1c16ee5163051e4e2c83b336ecbec17b7aa1ed",
            "email": "noemail@noemail.com",
            "date_joined": "2012-03-25 14:20:57"
        }
    }, {
        "pk": 25,
        "model": "auth.user",
        "fields": {
            "username": "kmendoza",
            "first_name": "Kevin",
            "last_name": "Mendoza",
            "is_active": true,
            "is_superuser": false,
            "is_staff": false,
            "last_login": "2012-03-25 14:20:57",
            "groups": [16, 6, 7],
            "user_permissions": [],
            "password": "sha1$0272b$df1c16ee5163051e4e2c83b336ecbec17b7aa1ed",
            "email": "noemail@noemail.com",
            "date_joined": "2012-03-25 14:20:57"
        }
    }, {
        "pk": 26,
        "model": "auth.user",
        "fields": {
            "username": "mmoreno",
            "first_name": "Michelle",
            "last_name": "Moreno",
            "is_active": true,
            "is_superuser": false,
            "is_staff": false,
            "last_login": "2012-03-25 14:20:57",
            "groups": [19, 6, 7],
            "user_permissions": [],
            "password": "sha1$0272b$df1c16ee5163051e4e2c83b336ecbec17b7aa1ed",
            "email": "noemail@noemail.com",
            "date_joined": "2012-03-25 14:20:57"
        }
    }, {
        "pk": 27,
        "model": "auth.user",
        "fields": {
            "username": "anieves",
            "first_name": "Anthony",
            "last_name": "Nieves",
            "is_active": true,
            "is_superuser": false,
            "is_staff": false,
            "last_login": "2012-03-25 14:20:57",
            "groups": [11, 6, 7],
            "user_permissions": [],
            "password": "sha1$0272b$df1c16ee5163051e4e2c83b336ecbec17b7aa1ed",
            "email": "noemail@noemail.com",
            "date_joined": "2012-03-25 14:20:57"
        }
    }, {
        "pk": 28,
        "model": "auth.user",
        "fields": {
            "username": "molivares",
            "first_name": "Mario",
            "last_name": "Olivares",
            "is_active": true,
            "is_superuser": false,
            "is_staff": false,
            "last_login": "2012-03-25 14:20:57",
            "groups": [17, 6, 7],
            "user_permissions": [],
            "password": "sha1$0272b$df1c16ee5163051e4e2c83b336ecbec17b7aa1ed",
            "email": "noemail@noemail.com",
            "date_joined": "2012-03-25 14:20:57"
        }
    }, {
        "pk": 29,
        "model": "auth.user",
        "fields": {
            "username": "ipena",
            "first_name": "Ivan",
            "last_name": "Pena",
            "is_active": true,
            "is_superuser": false,
            "is_staff": false,
            "last_login": "2012-03-25 14:20:57",
            "groups": [17, 6, 7],
            "user_permissions": [],
            "password": "sha1$0272b$df1c16ee5163051e4e2c83b336ecbec17b7aa1ed",
            "email": "noemail@noemail.com",
            "date_joined": "2012-03-25 14:20:57"
        }
    }, {
        "pk": 30,
        "model": "auth.user",
        "fields": {
            "username": "mperez",
            "first_name": "Max",
            "last_name": "Perez",
            "is_active": true,
            "is_superuser": false,
            "is_staff": false,
            "last_login": "2012-03-25 14:20:57",
            "groups": [13, 6, 7],
            "user_permissions": [],
            "password": "sha1$0272b$df1c16ee5163051e4e2c83b336ecbec17b7aa1ed",
            "email": "noemail@noemail.com",
            "date_joined": "2012-03-25 14:20:57"
        }
    }, {
        "pk": 31,
        "model": "auth.user",
        "fields": {
            "username": "jrebolledo",
            "first_name": "Jacob",
            "last_name": "Rebolledo",
            "is_active": true,
            "is_superuser": false,
            "is_staff": false,
            "last_login": "2012-03-25 14:20:57",
            "groups": [9, 6, 7],
            "user_permissions": [],
            "password": "sha1$0272b$df1c16ee5163051e4e2c83b336ecbec17b7aa1ed",
            "email": "noemail@noemail.com",
            "date_joined": "2012-03-25 14:20:57"
        }
    }, {
        "pk": 32,
        "model": "auth.user",
        "fields": {
            "username": "jsalceda",
            "first_name": "Javier",
            "last_name": "Salceda",
            "is_active": true,
            "is_superuser": false,
            "is_staff": false,
            "last_login": "2012-03-25 14:20:57",
            "groups": [9, 6, 7],
            "user_permissions": [],
            "password": "sha1$0272b$df1c16ee5163051e4e2c83b336ecbec17b7aa1ed",
            "email": "noemail@noemail.com",
            "date_joined": "2012-03-25 14:20:57"
        }
    }, {
        "pk": 34,
        "model": "auth.user",
        "fields": {
            "username": "nsaucedo",
            "first_name": "Neyla",
            "last_name": "Saucedo",
            "is_active": true,
            "is_superuser": false,
            "is_staff": false,
            "last_login": "2012-03-25 14:20:57",
            "groups": [16, 6, 7],
            "user_permissions": [],
            "password": "sha1$0272b$df1c16ee5163051e4e2c83b336ecbec17b7aa1ed",
            "email": "noemail@noemail.com",
            "date_joined": "2012-03-25 14:20:57"
        }
    }, {
        "pk": 35,
        "model": "auth.user",
        "fields": {
            "username": "esegovia",
            "first_name": "Elaine",
            "last_name": "Segovia",
            "is_active": true,
            "is_superuser": false,
            "is_staff": false,
            "last_login": "2012-03-25 14:20:57",
            "groups": [12, 6, 7],
            "user_permissions": [],
            "password": "sha1$0272b$df1c16ee5163051e4e2c83b336ecbec17b7aa1ed",
            "email": "noemail@noemail.com",
            "date_joined": "2012-03-25 14:20:57"
        }
    }, {
        "pk": 36,
        "model": "auth.user",
        "fields": {
            "username": "gtaboada",
            "first_name": "Gerardo",
            "last_name": "Taboada",
            "is_active": true,
            "is_superuser": false,
            "is_staff": false,
            "last_login": "2012-03-25 14:20:57",
            "groups": [16, 6, 7],
            "user_permissions": [],
            "password": "sha1$0272b$df1c16ee5163051e4e2c83b336ecbec17b7aa1ed",
            "email": "noemail@noemail.com",
            "date_joined": "2012-03-25 14:20:57"
        }
    }, {
        "pk": 37,
        "model": "auth.user",
        "fields": {
            "username": "atrujillo",
            "first_name": "Annais",
            "last_name": "Trujillo",
            "is_active": true,
            "is_superuser": false,
            "is_staff": false,
            "last_login": "2012-03-25 14:20:57",
            "groups": [6, 7],
            "user_permissions": [],
            "password": "sha1$0272b$df1c16ee5163051e4e2c83b336ecbec17b7aa1ed",
            "email": "noemail@noemail.com",
            "date_joined": "2012-03-25 14:20:57"
        }
    }, {
        "pk": 38,
        "model": "auth.user",
        "fields": {
            "username": "rvaldes",
            "first_name": "Ramiro",
            "last_name": "Valdes",
            "is_active": true,
            "is_superuser": false,
            "is_staff": false,
            "last_login": "2012-03-25 14:20:57",
            "groups": [15, 6, 7],
            "user_permissions": [],
            "password": "sha1$0272b$df1c16ee5163051e4e2c83b336ecbec17b7aa1ed",
            "email": "noemail@noemail.com",
            "date_joined": "2012-03-25 14:20:57"
        }
    }, {
        "pk": 39,
        "model": "auth.user",
        "fields": {
            "username": "cvera",
            "first_name": "Cameron",
            "last_name": "Vera",
            "is_active": true,
            "is_superuser": false,
            "is_staff": false,
            "last_login": "2012-03-25 14:20:57",
            "groups": [11, 6, 7],
            "user_permissions": [],
            "password": "sha1$0272b$df1c16ee5163051e4e2c83b336ecbec17b7aa1ed",
            "email": "noemail@noemail.com",
            "date_joined": "2012-03-25 14:20:57"
        }
    }, {
        "pk": 33,
        "model": "auth.user",
        "fields": {
            "username": "csantiago",
            "first_name": "Christian",
            "last_name": "Santiago",
            "is_active": true,
            "is_superuser": false,
            "is_staff": false,
            "last_login": "2012-05-27 14:21:25",
            "groups": [11, 6, 7],
            "user_permissions": [],
            "password": "sha1$0272b$df1c16ee5163051e4e2c83b336ecbec17b7aa1ed",
            "email": "noemail@noemail.com",
            "date_joined": "2012-03-25 14:20:57"
        }
    }, {
        "pk": 40,
        "model": "auth.user",
        "fields": {
            "username": "cjones",
            "first_name": "Cameron",
            "last_name": "Jones",
            "is_active": true,
            "is_superuser": false,
            "is_staff": false,
            "last_login": "2012-04-24 22:19:05",
            "groups": [6, 7],
            "user_permissions": [],
            "password": "sha1$0272b$df1c16ee5163051e4e2c83b336ecbec17b7aa1ed",
            "email": "noemail@noemail.com",
            "date_joined": "2012-03-25 14:20:57"
        }
    }, {
        "pk": 41,
        "model": "auth.user",
        "fields": {
            "username": "hpatel",
            "first_name": "",
            "last_name": "",
            "is_active": true,
            "is_superuser": false,
            "is_staff": false,
            "last_login": "2012-04-26 12:59:30",
            "groups": [6, 7],
            "user_permissions": [],
            "password": "sha1$0272b$df1c16ee5163051e4e2c83b336ecbec17b7aa1ed",
            "email": "",
            "date_joined": "2012-04-26 12:59:30"
        }
    }, {
        "pk": 1,
        "model": "schools.school",
        "fields": {
            "address_city": "",
            "school_url": "",
            "address_line_one": "",
            "school_name": "Glenwood",
            "gender_flag": "",
            "address_state": "",
            "address_country": "",
            "address_line_two": "",
            "permissions": []
        }
    }, {
        "pk": 2,
        "model": "schools.school",
        "fields": {
            "address_city": "",
            "school_url": "",
            "address_line_one": "",
            "school_name": "ITT Tech",
            "gender_flag": "",
            "address_state": "",
            "address_country": "",
            "address_line_two": "",
            "permissions": []
        }
    }, {
        "pk": 6,
        "model": "schools.school",
        "fields": {
            "address_city": "",
            "school_url": "",
            "address_line_one": "",
            "school_name": "PFC Omar E. Torres Charter School",
            "gender_flag": "C",
            "address_state": "",
            "address_country": "",
            "address_line_two": "",
            "permissions": []
        }
    }, {
        "pk": 3,
        "model": "schools.classroom",
        "fields": {
            "class_name": "Earth Science",
            "class_description": "",
            "school": 1,
            "permissions": []
        }
    }, {
        "pk": 4,
        "model": "schools.classroom",
        "fields": {
            "class_name": "Math 101",
            "class_description": "",
            "school": 1,
            "permissions": []
        }
    }, {
        "pk": 5,
        "model": "schools.classroom",
        "fields": {
            "class_name": "Math 101",
            "class_description": "",
            "school": 2,
            "permissions": []
        }
    }, {
        "pk": 7,
        "model": "schools.classroom",
        "fields": {
            "class_name": "Patel 8th",
            "class_description": "",
            "school": 6,
            "permissions": []
        }
    }, {
        "pk": 15,
        "model": "schools.classroomteam",
        "fields": {
            "classroom": 7,
            "team_name": "C's in C",
            "challenge_complete_count": 1,
            "permissions": [],
            "exercise_complete_count": 3
        }
    }, {
        "pk": 8,
        "model": "schools.classroomteam",
        "fields": {
            "classroom": 7,
            "team_name": "Cookie Monster",
            "challenge_complete_count": 0,
            "permissions": [],
            "exercise_complete_count": 0
        }
    }, {
        "pk": 16,
        "model": "schools.classroomteam",
        "fields": {
            "classroom": 7,
            "team_name": "Fast 3",
            "challenge_complete_count": 1,
            "permissions": [],
            "exercise_complete_count": 3
        }
    }, {
        "pk": 12,
        "model": "schools.classroomteam",
        "fields": {
            "classroom": 7,
            "team_name": "Bubbles",
            "challenge_complete_count": 1,
            "permissions": [],
            "exercise_complete_count": 3
        }
    }, {
        "pk": 18,
        "model": "schools.classroomteam",
        "fields": {
            "classroom": 7,
            "team_name": "Leslies",
            "challenge_complete_count": 1,
            "permissions": [],
            "exercise_complete_count": 3
        }
    }, {
        "pk": 19,
        "model": "schools.classroomteam",
        "fields": {
            "classroom": 7,
            "team_name": "Math Killa",
            "challenge_complete_count": 0,
            "permissions": [],
            "exercise_complete_count": 0
        }
    }, {
        "pk": 10,
        "model": "schools.classroomteam",
        "fields": {
            "classroom": 7,
            "team_name": "YOLO",
            "challenge_complete_count": 1,
            "permissions": [],
            "exercise_complete_count": 3
        }
    }, {
        "pk": 11,
        "model": "schools.classroomteam",
        "fields": {
            "classroom": 7,
            "team_name": "UE",
            "challenge_complete_count": 1,
            "permissions": [],
            "exercise_complete_count": 3
        }
    }, {
        "pk": 9,
        "model": "schools.classroomteam",
        "fields": {
            "classroom": 7,
            "team_name": "SAMF",
            "challenge_complete_count": 0,
            "permissions": [],
            "exercise_complete_count": 0
        }
    }, {
        "pk": 14,
        "model": "schools.classroomteam",
        "fields": {
            "classroom": 7,
            "team_name": "Bulls",
            "challenge_complete_count": 1,
            "permissions": [],
            "exercise_complete_count": 3
        }
    }, {
        "pk": 13,
        "model": "schools.classroomteam",
        "fields": {
            "classroom": 7,
            "team_name": "Wolves",
            "challenge_complete_count": 0,
            "permissions": [],
            "exercise_complete_count": 0
        }
    }, {
        "pk": 17,
        "model": "schools.classroomteam",
        "fields": {
            "classroom": 7,
            "team_name": "Geek Squad",
            "challenge_complete_count": 0,
            "permissions": [],
            "exercise_complete_count": 0
        }
    }
]